33,-0.010193,0.926753,0.23091
49,-0.008973,0.929195,0.229811
64,-0.011048,0.926021,0.227248
80,-0.010071,0.926998,0.229811
96,-0.010193,0.929073,0.231276
111,-0.009949,0.926265,0.229811
127,-0.011048,0.925044,0.232619
142,-0.011292,0.927364,0.229811
158,-0.01056,0.925288,0.230544
174,-0.012879,0.92834,0.230422
189,-0.009949,0.927974,0.228835
205,-0.010071,0.927852,0.228346
221,-0.010438,0.928096,0.231276
236,-0.011658,0.926753,0.230056
252,-0.00824,0.924922,0.229934
268,-0.010804,0.923457,0.228957
283,-0.009949,0.926509,0.231765
299,-0.01117,0.926021,0.229323
314,-0.009583,0.928707,0.231032
330,-0.01056,0.926753,0.228957
346,-0.009339,0.926387,0.230056
361,-0.009705,0.930294,0.232985
377,-0.012025,0.92419,0.229567
392,-0.012879,0.926021,0.229079
408,-0.009339,0.926875,0.230056
424,-0.010438,0.927974,0.228102
439,-0.010804,0.924068,0.2303
455,-0.010316,0.926998,0.227858
470,-0.009095,0.926143,0.230056
486,-0.009705,0.928218,0.23091
502,-0.010316,0.926509,0.229934
518,-0.012147,0.925411,0.231154
533,-0.009339,0.927608,0.228469
549,-0.009949,0.92712,0.229811
564,-0.010438,0.92834,0.229811
580,-0.010071,0.926021,0.229689
596,-0.01056,0.927242,0.231521
611,-0.010193,0.926387,0.231032
627,-0.008851,0.92834,0.229689
642,-0.010926,0.925533,0.228957
658,-0.010926,0.927486,0.229689
674,-0.011292,0.927486,0.228835
689,-0.008362,0.926875,0.230544
705,-0.011658,0.926143,0.230788
721,-0.011414,0.92712,0.231643
736,-0.011292,0.927608,0.231276
752,-0.009095,0.927364,0.229811
767,-0.009095,0.928707,0.232009
783,-0.009095,0.926143,0.231032
798,-0.010316,0.925288,0.231765
814,-0.01056,0.927974,0.229689
830,-0.008851,0.926143,0.230544
846,-0.009583,0.927242,0.231765
861,-0.009827,0.92712,0.229689
877,-0.011048,0.927364,0.231032
892,-0.010926,0.926021,0.23091
908,-0.010316,0.926509,0.230178
924,-0.01056,0.926753,0.231276
939,-0.011781,0.925166,0.229689
955,-0.012025,0.926753,0.229201
970,-0.010316,0.926265,0.229689
986,-0.010804,0.926875,0.231765
1002,-0.009339,0.928096,0.232131
1017,-0.010804,0.926265,0.228957
1033,-0.012025,0.925044,0.228713
1049,-0.010926,0.927852,0.231887
1064,-0.009705,0.928584,0.230666
1080,-0.011048,0.926387,0.23091
1095,-0.009949,0.925411,0.230666
1111,-0.010438,0.927852,0.232375
1127,-0.010438,0.927608,0.231032
1142,-0.010804,0.925044,0.230788
1158,-0.01056,0.926998,0.230056
1174,-0.011536,0.925777,0.231032
1189,-0.01117,0.926143,0.232619
1205,-0.010804,0.927242,0.229201
1220,-0.010316,0.926387,0.229567
1236,-0.011781,0.925166,0.230788
1252,-0.009827,0.927242,0.231032
1267,-0.007874,0.92834,0.230422
1283,-0.009461,0.926021,0.229445
1298,-0.011292,0.927364,0.230056
1314,-0.01117,0.927364,0.23091
1330,-0.010193,0.925655,0.228957
1345,-0.010316,0.925899,0.23323
1361,-0.00824,0.928218,0.232741
1377,-0.010804,0.927242,0.230056
1392,-0.008606,0.926143,0.232131
1408,-0.010193,0.926509,0.230788
1423,-0.009705,0.927486,0.230544
1439,-0.009705,0.926387,0.229811
1455,-0.009949,0.926387,0.231032
1470,-0.009095,0.926143,0.231154
1486,-0.009949,0.925655,0.228591
1502,-0.010804,0.926509,0.231521
1517,-0.008484,0.929073,0.232619
1533,-0.009339,0.926875,0.228835
1548,-0.009705,0.928462,0.231032
1564,-0.011903,0.927974,0.229323
1580,-0.01117,0.927364,0.229323
1595,-0.009949,0.927608,0.231276
1611,-0.012025,0.92773,0.229567
1627,-0.01056,0.92712,0.230544
1642,-0.011781,0.926998,0.229934
1658,-0.010193,0.925899,0.230422
1673,-0.01056,0.926021,0.232131
1689,-0.012025,0.926875,0.23091
1705,-0.009705,0.926631,0.230788
1720,-0.01117,0.927364,0.229689
1736,-0.010926,0.925655,0.232009
1752,-0.011781,0.926753,0.231276
1767,-0.007142,0.926753,0.230422
1783,-0.008484,0.924312,0.228835
1798,-0.011536,0.926509,0.230666
1814,-0.011414,0.926998,0.232253
1830,-0.010682,0.925044,0.232131
1845,-0.009095,0.925655,0.230544
1861,-0.007508,0.926998,0.230056
1876,-0.008973,0.924556,0.228224
1892,-0.008851,0.92712,0.229934
1908,-0.01056,0.92773,0.23091
1923,-0.011292,0.927364,0.230422
1939,-0.009949,0.926753,0.228469
1954,-0.009949,0.92712,0.231643
1970,-0.012269,0.926631,0.231521
1986,-0.009583,0.925899,0.2303
2001,-0.010926,0.928218,0.231032
2017,-0.011536,0.925533,0.230422
2033,-0.01056,0.923579,0.229567
2048,-0.012757,0.928218,0.229811
2064,-0.010438,0.926998,0.231032
2079,-0.009339,0.92712,0.230178
2095,-0.007508,0.926387,0.230788
2111,-0.012391,0.928584,0.231276
2126,-0.012879,0.924922,0.231521
2142,-0.009949,0.926509,0.231765
2158,-0.010316,0.926875,0.230056
2173,-0.010804,0.927852,0.229567
2189,-0.010071,0.924922,0.227492
2205,-0.008851,0.926387,0.230056
2220,-0.011658,0.92834,0.229201
2236,-0.011658,0.927608,0.229811
2251,-0.011048,0.925777,0.232375
2267,-0.012391,0.928707,0.231398
2283,-0.009217,0.926021,0.229811
2298,-0.009583,0.927364,0.230666
2314,-0.010438,0.926875,0.228835
2330,-0.008484,0.924922,0.228469
2345,-0.009217,0.92773,0.231765
2361,-0.010193,0.925899,0.228957
2376,-0.010316,0.92773,0.230056
2392,-0.010682,0.92419,0.230666
2408,-0.011048,0.925777,0.230788
2423,-0.008362,0.926753,0.232863
2439,-0.011658,0.926265,0.230422
2454,-0.009339,0.927364,0.23091
2470,-0.010316,0.926753,0.231398
2486,-0.011536,0.926265,0.230178
2501,-0.009095,0.926753,0.229201
2517,-0.01056,0.924922,0.229689
2533,-0.010926,0.925288,0.231032
2548,-0.009949,0.927974,0.232497
2564,-0.011292,0.928707,0.230788
2579,-0.010682,0.924556,0.232741
2595,-0.009705,0.926021,0.229567
2611,-0.012025,0.927852,0.230788
2626,-0.010682,0.927608,0.231032
2642,-0.011658,0.928829,0.230666
2658,-0.012391,0.927974,0.231154
2673,-0.009827,0.926387,0.229323
2689,-0.011903,0.924312,0.229567
2704,-0.013001,0.929317,0.230788
2720,-0.011414,0.926631,0.233352
2736,-0.008606,0.9248,0.231398
2751,-0.012025,0.929073,0.2303
2767,-0.011292,0.924678,0.23384
2782,-0.010682,0.927486,0.228591
2798,-0.008973,0.927242,0.229811
2814,-0.010926,0.926753,0.233962
2829,-0.010682,0.925533,0.230056
2845,-0.010193,0.92773,0.229811
2861,-0.008362,0.927364,0.234328
2876,-0.008729,0.925166,0.230422
2892,-0.011048,0.925899,0.226882
2907,-0.010316,0.926875,0.230056
2923,-0.011292,0.925777,0.229323
2939,-0.009217,0.926265,0.229567
2954,-0.012269,0.927242,0.229689
2970,-0.010926,0.926753,0.229323
2986,-0.010071,0.925411,0.22798
3001,-0.011781,0.926875,0.230422
3017,-0.011903,0.926143,0.229445
3032,-0.011292,0.926998,0.231521
3048,-0.008973,0.926509,0.230422
3064,-0.010682,0.92773,0.231032
3079,-0.00824,0.926265,0.231398
3095,-0.008729,0.926387,0.231887
3110,-0.011414,0.926998,0.229201
3126,-0.009583,0.927486,0.231276
3142,-0.009217,0.92773,0.230788
3157,-0.008362,0.926631,0.231154
3173,-0.008973,0.926753,0.230422
3189,-0.011781,0.925655,0.230788
3204,-0.010071,0.926509,0.2303
3220,-0.011048,0.926509,0.229689
3236,-0.010316,0.927974,0.232497
3251,-0.012513,0.927364,0.231398
3267,-0.008729,0.925288,0.229689
3282,-0.010193,0.926998,0.2303
3298,-0.009339,0.926631,0.230056
3314,-0.011292,0.927852,0.230056
3329,-0.011048,0.924922,0.230422
3345,-0.011292,0.928096,0.230056
3361,-0.010682,0.924434,0.230422
3376,-0.010193,0.925655,0.229323
3392,-0.009095,0.928096,0.230056
3407,-0.01056,0.926998,0.229934
3423,-0.013001,0.926143,0.231032
3438,-0.009339,0.926509,0.231154
3454,-0.010804,0.927242,0.230056
3470,-0.009827,0.925533,0.229201
3485,-0.007996,0.927364,0.232619
3501,-0.012391,0.927242,0.232375
3517,-0.010316,0.92834,0.230422
3532,-0.010926,0.925899,0.230544
3548,-0.008973,0.926387,0.2303
3563,-0.008851,0.927974,0.230056
3579,-0.008484,0.925288,0.228591
3595,-0.009827,0.927364,0.229079
3610,-0.010316,0.927242,0.231154
3626,-0.010438,0.926875,0.230666
3642,-0.011536,0.926387,0.231154
3657,-0.010926,0.928707,0.230422
3673,-0.009217,0.924312,0.229934
3689,-0.008973,0.928218,0.230666
3704,-0.010926,0.926509,0.23091
3720,-0.008973,0.926631,0.231154
3735,-0.011536,0.925899,0.230422
3751,-0.010193,0.92712,0.228713
3767,-0.010316,0.926021,0.232497
3782,-0.011781,0.927364,0.230422
3798,-0.011781,0.928218,0.230422
3814,-0.010926,0.926509,0.23091
3829,-0.009949,0.926753,0.229323
3845,-0.010926,0.925899,0.230422
3860,-0.011658,0.927242,0.230422
3876,-0.012025,0.927486,0.230788
3892,-0.010926,0.927608,0.228591
3907,-0.010682,0.92712,0.228957
3923,-0.009827,0.926265,0.230788
3938,-0.01117,0.927364,0.229567
3954,-0.011414,0.92773,0.229567
3970,-0.012025,0.926875,0.231032
3985,-0.00824,0.928584,0.229811
4001,-0.011048,0.927242,0.232131
4016,-0.00824,0.92712,0.229811
4032,-0.010193,0.92712,0.231887
4048,-0.011658,0.926875,0.232009
4063,-0.010193,0.926387,0.231154
4079,-0.013245,0.926387,0.229323
4094,-0.01117,0.927242,0.232741
4110,-0.012025,0.926753,0.23091
4126,-0.008851,0.925288,0.229811
4142,-0.009705,0.927852,0.229811
4157,-0.008606,0.926387,0.228835
4173,-0.012147,0.925655,0.231032
4188,-0.010438,0.927364,0.231887
4204,-0.011781,0.928584,0.229323
4220,-0.011292,0.926631,0.230422
4235,-0.010071,0.926143,0.228957
4251,-0.010926,0.927608,0.232497
4266,-0.01056,0.925288,0.231276
4282,-0.011536,0.926265,0.231887
4298,-0.009583,0.927608,0.232009
4313,-0.008729,0.926998,0.228835
4329,-0.01056,0.92712,0.230178
4345,-0.012269,0.925655,0.231276
4360,-0.012025,0.926509,0.231521
4376,-0.01117,0.926631,0.231398
4391,-0.010316,0.926021,0.229201
4407,-0.011903,0.927974,0.230544
4423,-0.010316,0.925411,0.229811
4438,-0.010438,0.928096,0.230544
4454,-0.011048,0.927486,0.2303
4470,-0.010316,0.924678,0.229689
4485,-0.011048,0.924678,0.230788
4501,-0.008362,0.925655,0.229445
4516,-0.011292,0.926021,0.230666
4532,-0.009827,0.926021,0.232375
4548,-0.008606,0.927242,0.229934
4563,-0.011781,0.927486,0.231398
4579,-0.011048,0.925899,0.23323
4594,-0.009461,0.928951,0.23091
4610,-0.009461,0.92834,0.231398
4626,-0.010926,0.924312,0.231887
4641,-0.009217,0.926998,0.231521
4657,-0.011658,0.926753,0.230666
4673,-0.012757,0.925411,0.230544
4688,-0.010682,0.927852,0.232009
4704,-0.01056,0.926387,0.230544
4720,-0.010071,0.924922,0.230178
4735,-0.009095,0.925655,0.231398
4751,-0.008606,0.928584,0.230788
4766,-0.009949,0.926998,0.22798
4782,-0.009095,0.92712,0.229934
4798,-0.009461,0.927242,0.230788
4813,-0.008484,0.92712,0.229934
4829,-0.012147,0.926631,0.232375
4844,-0.010193,0.928584,0.230544
4860,-0.008606,0.928218,0.23091
4876,-0.010682,0.924312,0.231887
4891,-0.009583,0.928096,0.229445
4907,-0.009461,0.928218,0.233107
4923,-0.01117,0.926753,0.231398
4938,-0.011536,0.92834,0.228835
4954,-0.007874,0.927974,0.231154
4969,-0.007874,0.927486,0.232253
4985,-0.01117,0.927486,0.231276
5001,-0.011048,0.926509,0.231398
5016,-0.010316,0.925044,0.229323
5032,-0.010438,0.926021,0.230056
5048,-0.011048,0.926875,0.231887
5063,-0.009705,0.928096,0.231276
5079,-0.008118,0.924434,0.2303
5094,-0.011536,0.927242,0.228469
5110,-0.009705,0.925655,0.231765
5126,-0.010804,0.926753,0.232131
5141,-0.009949,0.927242,0.231765
5157,-0.008484,0.928218,0.229201
5173,-0.010071,0.927608,0.231154
5188,-0.007996,0.92712,0.230178
5204,-0.010071,0.928096,0.231643
5219,-0.010804,0.926387,0.23091
5235,-0.010682,0.926875,0.230544
5251,-0.010316,0.926631,0.229689
5266,-0.009705,0.92773,0.231398
5282,-0.010438,0.927364,0.231398
5298,-0.009339,0.927242,0.229445
5313,-0.010438,0.927242,0.231765
5329,-0.011292,0.926631,0.228957
5344,-0.01056,0.927486,0.229689
5360,-0.010804,0.926387,0.232619
5376,-0.010682,0.926631,0.229201
5391,-0.009705,0.926265,0.229201
5407,-0.008851,0.927364,0.229811
5422,-0.009095,0.92712,0.229323
5438,-0.009339,0.92773,0.228835
5454,-0.010316,0.925655,0.230178
5469,-0.011658,0.927364,0.229689
5485,-0.01117,0.928584,0.230422
5501,-0.012635,0.927974,0.230422
5516,-0.009217,0.92773,0.229567
5532,-0.010926,0.926875,0.230178
5547,-0.011781,0.92834,0.229689
5563,-0.009583,0.926998,0.2303
5578,-0.010438,0.927242,0.228469
5594,-0.010804,0.928218,0.231643
5610,-0.009827,0.926753,0.228835
5626,-0.007874,0.924678,0.230178
5641,-0.010804,0.927608,0.231521
5657,-0.009339,0.924678,0.228957
5672,-0.010316,0.925899,0.229811
5691,-0.011536,0.926387,0.2303
5707,-0.010071,0.927364,0.228469
5722,-0.009949,0.925288,0.228835
5738,-0.009827,0.927242,0.229689
5754,-0.008484,0.927486,0.231154
5769,-0.009461,0.926753,0.229934
5785,-0.011658,0.927242,0.232619
5801,-0.01056,0.92773,0.232253
5816,-0.009949,0.924434,0.230056
5832,-0.009339,0.926631,0.232863
5847,-0.011658,0.927608,0.230544
5863,-0.012269,0.927242,0.229201
5879,-0.007996,0.927974,0.233107
5905,-0.010316,0.927242,0.230422
5920,-0.011658,0.927486,0.231154
5936,-0.010804,0.926753,0.228591
5952,-0.010682,0.92773,0.231643
5967,-0.012391,0.926998,0.229934
5983,-0.010682,0.924678,0.229689
5998,-0.009217,0.926509,0.231032
6014,-0.012147,0.9248,0.230788
6030,-0.012513,0.925899,0.230056
6045,-0.009461,0.927852,0.230178
6061,-0.010682,0.92773,0.230788
6077,-0.010316,0.926875,0.231765
6092,-0.010193,0.926509,0.229201
6108,-0.011414,0.927242,0.231398
6123,-0.009217,0.92712,0.2303
6139,-0.009827,0.926387,0.229567
6155,-0.008729,0.928096,0.231398
6170,-0.01117,0.926875,0.230544
6186,-0.011536,0.92712,0.229201
6202,-0.011781,0.928218,0.231154
6229,-0.012391,0.926143,0.232375
6245,-0.010926,0.927364,0.229079
6261,-0.012391,0.926509,0.2303
6276,-0.009217,0.927974,0.229445
6292,-0.011536,0.926265,0.230178
6308,-0.009949,0.926631,0.231521
6323,-0.010682,0.926875,0.2303
6343,-0.011781,0.926265,0.230056
6358,-0.011536,0.928096,0.231887
6386,-0.008973,0.926875,0.231032
6401,-0.012879,0.92834,0.230544
6417,-0.010682,0.92773,0.229323
6433,-0.011903,0.927974,0.228957
6448,-0.009583,0.926509,0.230788
6464,-0.011414,0.925533,0.227614
6479,-0.011048,0.92712,0.231398
6495,-0.010926,0.926998,0.229567
6511,-0.008851,0.926998,0.230666
6526,-0.011048,0.926998,0.228713
6542,-0.009583,0.926387,0.230666
6558,-0.009827,0.928584,0.232497
6573,-0.010071,0.926143,0.231521
6589,-0.01117,0.926631,0.230788
6604,-0.011414,0.92712,0.229445
6620,-0.012513,0.92834,0.227492
6636,-0.010682,0.925166,0.23091
6651,-0.011903,0.927486,0.229323
6667,-0.010682,0.926753,0.229934
6683,-0.009095,0.925288,0.229445
6698,-0.010682,0.926753,0.229201
6714,-0.011536,0.92712,0.2303
6729,-0.01117,0.925166,0.231398
6745,-0.011292,0.924068,0.230544
6761,-0.009827,0.928462,0.23091
6776,-0.008973,0.928584,0.232253
6792,-0.010193,0.926875,0.229079
6807,-0.009217,0.92712,0.230544
6823,-0.012025,0.925899,0.233474
6841,-0.011536,0.925899,0.231276
6857,-0.010438,0.927608,0.233107
6872,-0.012757,0.926021,0.230422
6888,-0.013123,0.927364,0.23091
6904,-0.012391,0.92773,0.230666
6919,-0.011414,0.926753,0.230544
6935,-0.011292,0.926998,0.230056
6951,-0.008973,0.925411,0.23091
6966,-0.010193,0.92712,0.231765
6982,-0.010071,0.92834,0.229811
6997,-0.011292,0.926021,0.231765
7013,-0.009217,0.926631,0.23091
7029,-0.010682,0.925777,0.229079
7040,-0.008362,0.925533,0.230788
7055,-0.01056,0.927364,0.229934
7073,-0.012757,0.926387,0.231398
7089,-0.011048,0.925533,0.230544
7104,-0.011536,0.930171,0.232619
7120,-0.012147,0.927242,0.229323
7136,-0.012025,0.926387,0.23091
7151,-0.009461,0.928951,0.231643
7167,-0.010193,0.926631,0.2303
7182,-0.010926,0.925044,0.231276
7198,-0.010682,0.926998,0.232741
7214,-0.00824,0.926509,0.232863
7229,-0.010682,0.927974,0.229079
7245,-0.010438,0.927608,0.231643
7261,-0.009217,0.926021,0.230056
7276,-0.011292,0.926021,0.2303
7292,-0.01117,0.926998,0.230544
7307,-0.011903,0.928218,0.228835
7323,-0.010438,0.925288,0.229567
7339,-0.009583,0.924068,0.228591
7354,-0.010071,0.927852,0.230178
7370,-0.010438,0.926143,0.228346
7386,-0.009705,0.924922,0.2303
7401,-0.010316,0.928584,0.229445
7417,-0.012879,0.923823,0.232375
7432,-0.011536,0.927364,0.230178
7448,-0.010071,0.92712,0.229689
7464,-0.009095,0.926265,0.229445
7479,-0.008851,0.926875,0.230056
7495,-0.009705,0.925655,0.228346
7511,-0.010804,0.926143,0.23091
7526,-0.011903,0.92834,0.227736
7542,-0.010682,0.926631,0.232741
7558,-0.009583,0.926021,0.230788
7573,-0.01056,0.927486,0.231276
7589,-0.010071,0.92773,0.230056
7604,-0.008606,0.926143,0.230178
7620,-0.009705,0.926021,0.226637
7636,-0.011536,0.926143,0.229323
7651,-0.012879,0.927364,0.231398
7667,-0.010682,0.927242,0.231032
7682,-0.009095,0.926143,0.229811
7698,-0.011536,0.927242,0.232497
7714,-0.010071,0.927852,0.230178
7729,-0.010071,0.925899,0.227492
7745,-0.011658,0.926998,0.229079
7761,-0.008851,0.924922,0.231032
7776,-0.011292,0.924678,0.228957
7792,-0.010316,0.92712,0.229689
7808,-0.011048,0.928707,0.231765
7823,-0.009095,0.924312,0.231643
7839,-0.010438,0.927242,0.228591
7854,-0.010682,0.927974,0.232253
7870,-0.009217,0.925777,0.232009
7886,-0.010071,0.92773,0.230788
7901,-0.010438,0.929195,0.231398
7917,-0.008118,0.925777,0.230544
7933,-0.012025,0.926021,0.231643
7948,-0.011292,0.926998,0.229323
7964,-0.012025,0.927974,0.23091
7979,-0.009095,0.926387,0.230422
7995,-0.009095,0.926631,0.232131
8010,-0.011903,0.92773,0.231154
8026,-0.009095,0.925777,0.232009
8042,-0.010071,0.926753,0.232497
8057,-0.008606,0.92773,0.230788
8073,-0.012635,0.926143,0.229323
8089,-0.009583,0.927974,0.23091
8104,-0.008973,0.926387,0.230422
8120,-0.011658,0.925411,0.231643
8136,-0.009583,0.92712,0.230666
8151,-0.01056,0.926387,0.231032
8167,-0.013368,0.926509,0.231643
8182,-0.008362,0.926875,0.230788
8198,-0.010316,0.927364,0.231643
8214,-0.010193,0.925533,0.231276
8229,-0.010926,0.927974,0.231521
8245,-0.009461,0.929439,0.232131
8261,-0.009583,0.925899,0.228835
8276,-0.010926,0.924434,0.231521
8292,-0.012391,0.926631,0.230178
8307,-0.011536,0.925777,0.229079
8323,-0.00824,0.925899,0.2303
8339,-0.012147,0.928218,0.230544
8354,-0.010682,0.928096,0.2303
8370,-0.009095,0.924068,0.230056
8386,-0.01117,0.926875,0.232009
8401,-0.009949,0.926875,0.231887
8417,-0.011048,0.925899,0.229689
8432,-0.010926,0.926143,0.231521
8448,-0.011048,0.926753,0.232009
8464,-0.010682,0.927852,0.231643
8479,-0.010071,0.9248,0.231276
8495,-0.010193,0.927364,0.229079
8510,-0.009705,0.927974,0.233352
8526,-0.009095,0.926265,0.229934
8542,-0.011414,0.926509,0.229934
8557,-0.012513,0.926998,0.231887
8573,-0.011048,0.925777,0.229689
8588,-0.009461,0.925411,0.230544
8607,-0.011536,0.926875,0.231154
8622,-0.010316,0.925411,0.231032
8645,-0.010926,0.926021,0.230178
8661,-0.010926,0.927852,0.230544
8677,-0.009705,0.926998,0.232619
8693,-0.009339,0.92834,0.231154
8710,-0.009949,0.925655,0.228469
8726,-0.011781,0.928218,0.229689
8742,-0.011414,0.927242,0.229323
8758,-0.009583,0.926875,0.231154
8773,-0.009949,0.926998,0.229689
8803,-0.009949,0.927364,0.229934
8819,-0.009583,0.926631,0.229079
8834,-0.008484,0.925899,0.23091
8850,-0.011781,0.925777,0.231521
8866,-0.011781,0.926509,0.232375
8891,-0.012513,0.926387,0.230788
8907,-0.009461,0.928218,0.230788
8923,-0.011048,0.927486,0.232619
8938,-0.010926,0.926753,0.231887
8954,-0.009583,0.925411,0.231398
8970,-0.010071,0.92834,0.230544
8985,-0.011048,0.926387,0.232619
9001,-0.009827,0.9248,0.228591
9016,-0.010682,0.927974,0.229567
9032,-0.010804,0.928218,0.23091
9048,-0.011414,0.926509,0.227614
9063,-0.009949,0.925533,0.231276
9079,-0.011292,0.92773,0.231765
9095,-0.008973,0.926998,0.228713
9118,-0.009949,0.926143,0.229934
9140,-0.009705,0.927852,0.229811
9156,-0.011536,0.927364,0.229567
9172,-0.009949,0.927364,0.229689
9187,-0.010071,0.92712,0.2303
9203,-0.009217,0.926875,0.229079
9218,-0.011292,0.926387,0.2303
9242,-0.010316,0.928218,0.230788
9258,-0.010316,0.927608,0.23091
9274,-0.012147,0.926509,0.230178
9289,-0.010193,0.926631,0.231521
9305,-0.01056,0.928584,0.230544
9321,-0.01056,0.926265,0.230788
9336,-0.01117,0.926021,0.230422
9351,-0.009461,0.927486,0.230666
9367,-0.012513,0.928462,0.229567
9383,-0.009949,0.927242,0.228713
9399,-0.010682,0.926753,0.230666
9414,-0.010316,0.926998,0.23091
9430,-0.009705,0.926143,0.228346
9445,-0.009827,0.924678,0.230178
9461,-0.010804,0.925288,0.230422
9477,-0.012025,0.925655,0.232497
9492,-0.011536,0.927242,0.231032
9508,-0.010438,0.928584,0.230178
9524,-0.009827,0.926753,0.229689
9539,-0.010438,0.927486,0.230422
9555,-0.01117,0.926998,0.229323
9570,-0.011658,0.926753,0.229201
9586,-0.010193,0.926998,0.231154
9602,-0.009705,0.929073,0.230422
9617,-0.010193,0.926021,0.229689
9633,-0.010804,0.928218,0.229689
9651,-0.009095,0.928096,0.232619
9666,-0.011536,0.926509,0.229811
9682,-0.011903,0.927486,0.229567
9697,-0.01056,0.927486,0.2303
9713,-0.010682,0.926265,0.230178
9729,-0.008118,0.927608,0.231276
9744,-0.010193,0.928584,0.229811
9760,-0.011536,0.927364,0.228957
9776,-0.01117,0.927242,0.230788
9791,-0.011292,0.926631,0.22798
9807,-0.010682,0.927974,0.230422
9822,-0.011781,0.926753,0.230056
9838,-0.010926,0.926387,0.231765
9854,-0.008606,0.928707,0.233718
9869,-0.009827,0.924922,0.229201
9885,-0.009339,0.926875,0.232253
9907,-0.009339,0.927608,0.23091
9922,-0.01056,0.92773,0.231154
9938,-0.01117,0.928707,0.230666
9953,-0.009827,0.926021,0.230178
9969,-0.01117,0.926753,0.231398
9997,-0.011658,0.92773,0.229201
10013,-0.011292,0.928096,0.231521
10029,-0.010804,0.92773,0.229323
10044,-0.009461,0.925166,0.229323
10060,-0.009583,0.928096,0.230056
10076,-0.011048,0.928096,0.231398
10091,-0.01056,0.92712,0.229445
10107,-0.011048,0.925899,0.230178
10122,-0.009949,0.926143,0.230544
10138,-0.01056,0.926998,0.230788
10154,-0.007752,0.926021,0.229811
10169,-0.010926,0.927852,0.229689
10185,-0.010438,0.92834,0.232985
10200,-0.012147,0.926998,0.230666
10216,-0.010071,0.928096,0.230788
10232,-0.009705,0.925899,0.228469
10247,-0.009827,0.926509,0.229934
10263,-0.009339,0.925533,0.230544
10279,-0.010193,0.929195,0.231765
10294,-0.013123,0.926753,0.230056
10310,-0.008606,0.926998,0.230422
10326,-0.010193,0.926509,0.232131
10341,-0.011048,0.926509,0.231032
10357,-0.009583,0.926753,0.230544
10372,-0.008973,0.927364,0.229689
10388,-0.011414,0.926265,0.231154
10404,-0.010316,0.926387,0.228591
10419,-0.01117,0.926753,0.228102
10435,-0.01117,0.92834,0.228957
10450,-0.01056,0.925166,0.231643
10466,-0.010071,0.926509,0.228469
10482,-0.010193,0.928584,0.232863
10497,-0.009217,0.9248,0.231276
10513,-0.009827,0.925655,0.231521
10529,-0.010071,0.925899,0.231521
10544,-0.009583,0.926631,0.229689
10560,-0.008851,0.92419,0.229689
10575,-0.009705,0.926875,0.231521
10591,-0.011903,0.927852,0.229934
10607,-0.009217,0.925533,0.227858
10622,-0.009705,0.927608,0.231032
10638,-0.01117,0.926387,0.231521
10654,-0.010926,0.927364,0.229201
10669,-0.009827,0.926265,0.229811
10685,-0.010926,0.925777,0.230422
10700,-0.010071,0.926387,0.229689
10717,-0.009827,0.925655,0.231643
10732,-0.009461,0.92712,0.230788
10747,-0.010682,0.926509,0.229934
10763,-0.009705,0.926509,0.229934
10778,-0.009949,0.926998,0.231032
10794,-0.011292,0.926631,0.230056
10810,-0.013123,0.926753,0.2303
10825,-0.009949,0.927486,0.2303
10841,-0.010926,0.928829,0.2303
10857,-0.009827,0.926998,0.229079
10872,-0.009827,0.926021,0.229567
10888,-0.008973,0.926265,0.230422
10903,-0.009095,0.925655,0.229934
10919,-0.011414,0.92834,0.231276
10935,-0.009705,0.927852,0.230666
10950,-0.010926,0.926387,0.232497
10966,-0.009583,0.926021,0.231154
10982,-0.012147,0.925777,0.2303
10997,-0.011292,0.925655,0.230544
11013,-0.011292,0.927242,0.230666
11028,-0.009583,0.926509,0.230056
11044,-0.009827,0.927242,0.233596
11060,-0.009949,0.925044,0.229567
11075,-0.010316,0.92834,0.232009
11091,-0.011536,0.926753,0.229934
11107,-0.012513,0.925899,0.230544
11122,-0.010193,0.928707,0.231276
11138,-0.01056,0.92834,0.227858
11153,-0.009095,0.926875,0.232009
11169,-0.01117,0.928584,0.229323
11185,-0.012635,0.928462,0.231032
11200,-0.008729,0.926509,0.231154
11216,-0.010804,0.926753,0.231276
11232,-0.010071,0.926143,0.229567
11247,-0.010926,0.926998,0.229934
11263,-0.009583,0.926631,0.2303
11278,-0.011414,0.927242,0.232131
11294,-0.009949,0.927364,0.228713
11310,-0.012635,0.926387,0.231521
11325,-0.010071,0.92834,0.232375
11341,-0.012757,0.926021,0.231276
11356,-0.011903,0.926143,0.228102
11371,-0.010438,0.925899,0.231398
11387,-0.011414,0.927974,0.23091
11403,-0.010926,0.926875,0.230056
11418,-0.008362,0.92773,0.228591
11434,-0.011292,0.926998,0.229934
11450,-0.008729,0.926631,0.230788
11465,-0.008973,0.92834,0.228835
11481,-0.011414,0.926631,0.228713
11496,-0.010682,0.926021,0.23091
11512,-0.012147,0.926143,0.229934
11528,-0.010193,0.926143,0.230544
11543,-0.010438,0.92773,0.230056
11559,-0.010682,0.926021,0.228346
11574,-0.010926,0.928218,0.231154
11590,-0.009217,0.927486,0.231521
11605,-0.010438,0.926021,0.230056
11621,-0.009705,0.92834,0.231765
11637,-0.008362,0.927242,0.230178
11652,-0.010071,0.92773,0.231276
11668,-0.009949,0.926143,0.228346
11684,-0.010316,0.928707,0.231765
11699,-0.011536,0.926753,0.230056
11715,-0.011781,0.925166,0.228102
11730,-0.01056,0.92834,0.231276
11746,-0.010193,0.926509,0.229567
11762,-0.010193,0.926998,0.232131
11777,-0.010438,0.926509,0.231398
11793,-0.011781,0.927242,0.229934
11809,-0.010926,0.925166,0.229323
11824,-0.010316,0.926753,0.229689
11840,-0.010193,0.929195,0.229689
11855,-0.009705,0.926753,0.230422
11871,-0.012391,0.925899,0.227736
11887,-0.010193,0.928707,0.231276
11902,-0.011414,0.925166,0.228835
11918,-0.009217,0.92834,0.231032
11934,-0.009705,0.927608,0.231032
11949,-0.009339,0.927364,0.228713
11965,-0.009949,0.926875,0.229689
11980,-0.010926,0.928218,0.229934
11996,-0.010438,0.925655,0.2303
12012,-0.008606,0.92712,0.232009
12027,-0.009339,0.925533,0.229934
12043,-0.009949,0.926753,0.230422
12059,-0.007264,0.925533,0.230544
12074,-0.010926,0.927364,0.231276
12090,-0.011536,0.925533,0.229201
12106,-0.011048,0.925533,0.229323
12121,-0.009949,0.927852,0.230544
12137,-0.00824,0.92712,0.231032
12152,-0.010804,0.928829,0.229567
12168,-0.008851,0.925288,0.228224
12184,-0.010071,0.92834,0.229445
12199,-0.010926,0.92712,0.23091
12215,-0.011048,0.927608,0.231521
12231,-0.010316,0.927608,0.229567
12246,-0.011903,0.926143,0.229567
12262,-0.008484,0.92712,0.229567
12277,-0.009583,0.926998,0.231643
12293,-0.010438,0.925899,0.2303
12309,-0.009217,0.92712,0.231276
12324,-0.010316,0.925777,0.229323
12340,-0.010316,0.92773,0.231032
12356,-0.008606,0.924434,0.231521
12371,-0.010316,0.926998,0.2303
12387,-0.009949,0.926021,0.2303
12402,-0.010804,0.926509,0.230666
12418,-0.01117,0.924922,0.228469
12434,-0.010682,0.927608,0.231398
12449,-0.008973,0.926387,0.228469
12465,-0.012269,0.926753,0.231521
12488,-0.012757,0.928218,0.229323
12503,-0.011048,0.927242,0.230422
12519,-0.011903,0.926875,0.231276
12535,-0.008484,0.926021,0.229201
12550,-0.008484,0.928829,0.23091
12566,-0.009705,0.926021,0.229811
12581,-0.011536,0.926631,0.228835
12597,-0.009339,0.928707,0.229079
12613,-0.009827,0.928096,0.231643
12628,-0.01056,0.924922,0.231398
12644,-0.010682,0.927608,0.230666
12659,-0.010071,0.929805,0.230178
12675,-0.011292,0.927242,0.232741
12691,-0.012269,0.926875,0.230422
12706,-0.01056,0.926753,0.231887
12722,-0.010193,0.9248,0.23091
12737,-0.008851,0.926875,0.228469
12753,-0.012879,0.925777,0.230666
12769,-0.012147,0.926143,0.232619
12785,-0.010682,0.926753,0.231643
12800,-0.009583,0.92712,0.23091
12816,-0.011048,0.926387,0.231276
12831,-0.01056,0.927242,0.229811
12847,-0.009095,0.929439,0.231887
12863,-0.011781,0.926631,0.230178
12878,-0.010316,0.924068,0.230178
12894,-0.011414,0.92712,0.231887
12910,-0.010804,0.926021,0.231032
12925,-0.011292,0.927852,0.230788
12941,-0.011903,0.926631,0.23323
12956,-0.011781,0.926998,0.229689
12972,-0.009583,0.926875,0.231765
12988,-0.010804,0.925899,0.2303
13003,-0.010438,0.927486,0.231887
13019,-0.008484,0.926509,0.230422
13034,-0.010804,0.927852,0.230178
13050,-0.010804,0.927852,0.229323
13066,-0.010316,0.926509,0.231643
13088,-0.009583,0.926143,0.230056
13104,-0.010316,0.925411,0.2303
13119,-0.010438,0.926509,0.229079
13135,-0.010193,0.926265,0.2303
13151,-0.010071,0.927486,0.231154
13166,-0.011781,0.92773,0.230666
13182,-0.009095,0.927608,0.232131
13197,-0.010438,0.92712,0.229445
13213,-0.011048,0.927852,0.2303
13229,-0.010316,0.92773,0.230666
13244,-0.01117,0.928951,0.230788
13260,-0.010193,0.925288,0.230422
13275,-0.010071,0.927974,0.229689
13291,-0.010682,0.927852,0.231276
13307,-0.009827,0.925777,0.230666
13322,-0.010193,0.926875,0.229201
13338,-0.010804,0.927974,0.232863
13354,-0.009339,0.926998,0.229811
13369,-0.010438,0.927242,0.231887
13385,-0.011536,0.928218,0.231032
13401,-0.009339,0.926509,0.230666
13426,-0.01056,0.927242,0.23091
13441,-0.010438,0.92834,0.228957
13457,-0.012391,0.928829,0.232741
13473,-0.01056,0.926387,0.230422
13488,-0.012879,0.926265,0.229811
13504,-0.01056,0.926998,0.229811
13519,-0.011781,0.927608,0.229079
13535,-0.011414,0.927852,0.23091
13551,-0.010682,0.926631,0.230178
13566,-0.011536,0.925655,0.231643
13582,-0.009217,0.925533,0.230544
13597,-0.012879,0.92712,0.229689
13613,-0.011781,0.927364,0.23091
13629,-0.009095,0.926753,0.231887
13644,-0.010804,0.926998,0.23091
13660,-0.010193,0.928462,0.231643
13676,-0.011781,0.926265,0.232009
13691,-0.010682,0.926021,0.231765
13707,-0.009095,0.928584,0.229934
13723,-0.009949,0.926509,0.231398
13738,-0.01117,0.92712,0.232009
13754,-0.010071,0.926875,0.231398
13769,-0.010438,0.92773,0.231276
13785,-0.012147,0.928096,0.231032
13801,-0.011903,0.925411,0.230056
13816,-0.010682,0.927608,0.230788
13832,-0.009461,0.92712,0.230422
13848,-0.011658,0.928096,0.230422
13863,-0.010438,0.927852,0.230178
13879,-0.010316,0.924922,0.229567
13894,-0.010682,0.928218,0.229445
13910,-0.009949,0.927608,0.230056
13926,-0.011292,0.925655,0.229567
13941,-0.009339,0.927242,0.231398
13957,-0.010804,0.925166,0.230666
13972,-0.008973,0.925655,0.230056
13988,-0.007996,0.925777,0.23091
14004,-0.009949,0.927608,0.232131
14019,-0.009095,0.927608,0.231154
14035,-0.010438,0.925533,0.229079
14050,-0.010071,0.929195,0.230544
14066,-0.010316,0.925288,0.229567
14082,-0.011658,0.925655,0.229201
14097,-0.01117,0.92834,0.230422
14113,-0.010071,0.926631,0.228957
14129,-0.008729,0.92834,0.229934
14144,-0.010438,0.927852,0.2303
14160,-0.012513,0.926509,0.228346
14175,-0.010804,0.926021,0.229079
14191,-0.012635,0.927242,0.230422
14207,-0.009949,0.928951,0.231398
14222,-0.01056,0.925166,0.231887
14238,-0.01117,0.927486,0.230544
14253,-0.009827,0.926875,0.227492
14269,-0.010071,0.925655,0.231398
14285,-0.010316,0.92773,0.230544
14300,-0.011048,0.927364,0.230422
14316,-0.011781,0.927364,0.229811
14332,-0.010682,0.92419,0.230788
14347,-0.010926,0.926753,0.231765
14363,-0.009949,0.927852,0.2303
14378,-0.011292,0.926998,0.230544
14394,-0.012391,0.927242,0.230788
14410,-0.011781,0.926631,0.228835
14425,-0.010926,0.925655,0.229689
14441,-0.009827,0.927242,0.230178
14457,-0.012147,0.926143,0.229811
14472,-0.010316,0.927852,0.230544
14488,-0.007996,0.927486,0.229934
14503,-0.010682,0.927852,0.229934
14519,-0.010071,0.925288,0.228713
14535,-0.01056,0.926265,0.230056
14550,-0.010316,0.926998,0.232497
14566,-0.007508,0.926265,0.2303
14582,-0.010804,0.926998,0.231032
14597,-0.01056,0.92773,0.228835
14613,-0.009583,0.926021,0.229567
14628,-0.011414,0.928096,0.230178
14644,-0.011658,0.926753,0.230178
14660,-0.011414,0.926265,0.228346
14675,-0.009949,0.925533,0.230056
14691,-0.01117,0.927486,0.229201
14706,-0.011414,0.926509,0.23091
14722,-0.011658,0.925288,0.229689
14738,-0.01117,0.927242,0.230056
14753,-0.010193,0.926143,0.233596
14769,-0.012147,0.924068,0.228469
14785,-0.009949,0.929195,0.233107
14800,-0.009583,0.927974,0.230422
14816,-0.010804,0.927242,0.231765
14832,-0.011658,0.925899,0.229689
14847,-0.010316,0.928096,0.228957
14863,-0.011536,0.925655,0.231032
14879,-0.009217,0.925166,0.230178
14894,-0.011048,0.928462,0.232375
14910,-0.008973,0.928096,0.231032
14925,-0.008729,0.925533,0.230178
14941,-0.012513,0.926387,0.230178
14956,-0.012391,0.927852,0.231521
14972,-0.011536,0.926753,0.230788
14988,-0.012757,0.927608,0.22798
15003,-0.010682,0.927486,0.231276
15019,-0.008973,0.926021,0.231398
15035,-0.010804,0.925044,0.228713
15050,-0.009217,0.925411,0.230178
15066,-0.010193,0.928218,0.230544
15082,-0.01056,0.926387,0.231887
15097,-0.013001,0.927486,0.229934
15113,-0.011048,0.925166,0.230178
15128,-0.010438,0.926998,0.229689
15144,-0.009339,0.926998,0.229689
15160,-0.009583,0.925899,0.229079
15175,-0.011903,0.926265,0.232985
15191,-0.010804,0.928218,0.229201
15206,-0.010193,0.925533,0.230178
15222,-0.010316,0.926753,0.232009
15238,-0.010316,0.927242,0.230544
15254,-0.008606,0.927486,0.228713
15269,-0.009827,0.927242,0.229445
15285,-0.011536,0.926509,0.231276
15300,-0.010071,0.926998,0.228591
15316,-0.010193,0.926998,0.229445
15331,-0.01117,0.927486,0.229689
15347,-0.01117,0.928462,0.230788
15363,-0.010682,0.926143,0.229323
15378,-0.009827,0.926143,0.229445
15394,-0.011292,0.927608,0.231398
15409,-0.011536,0.92773,0.231276
15425,-0.010804,0.926387,0.228835
15441,-0.009217,0.927608,0.2303
15456,-0.011048,0.928829,0.230422
15472,-0.009095,0.926631,0.229079
15488,-0.011781,0.926875,0.230666
15503,-0.011536,0.92773,0.231887
15519,-0.009095,0.926021,0.231032
15535,-0.01117,0.928584,0.231032
15550,-0.009705,0.926021,0.230666
15566,-0.010438,0.926631,0.230544
15581,-0.010438,0.926631,0.230544
15597,-0.011658,0.928829,0.230788
15613,-0.009949,0.925411,0.230788
15628,-0.012757,0.925288,0.2303
15644,-0.009827,0.926998,0.228469
15659,-0.013734,0.926998,0.23091
15675,-0.009583,0.925533,0.229934
15691,-0.010193,0.925899,0.230544
15706,-0.009705,0.927242,0.23091
15722,-0.009583,0.926265,0.230544
15737,-0.011781,0.926753,0.23091
15753,-0.010071,0.926265,0.229445
15769,-0.012269,0.927242,0.231643
15785,-0.011903,0.928096,0.231521
15800,-0.010438,0.92712,0.230788
15816,-0.009705,0.926265,0.229079
15831,-0.010193,0.928462,0.231032
15847,-0.009461,0.928096,0.231765
15863,-0.010926,0.92712,0.230056
15878,-0.011536,0.926998,0.230178
15894,-0.008973,0.927486,0.2303
15909,-0.010071,0.92712,0.231032
15925,-0.011048,0.927852,0.230666
15941,-0.010438,0.92712,0.230788
15956,-0.010926,0.927486,0.229323
15972,-0.009583,0.926265,0.230544
15987,-0.009095,0.926631,0.231276
16003,-0.01056,0.925655,0.232497
16019,-0.012269,0.925288,0.231398
16034,-0.007996,0.926753,0.230666
16050,-0.011292,0.928096,0.229079
16066,-0.010804,0.925533,0.229689
16081,-0.010926,0.928707,0.230544
16097,-0.008118,0.927364,0.229811
16112,-0.011658,0.926631,0.229567
16128,-0.01117,0.925899,0.232375
16144,-0.009827,0.92773,0.232497
16159,-0.009827,0.928096,0.231765
16175,-0.009583,0.92773,0.231032
16191,-0.010804,0.928829,0.23091
16206,-0.012757,0.925899,0.230422
16222,-0.009705,0.925777,0.230178
16238,-0.010682,0.927974,0.229323
16253,-0.00824,0.927486,0.231032
16269,-0.01056,0.926509,0.23091
16284,-0.009339,0.926021,0.230422
16300,-0.012025,0.927364,0.231276
16315,-0.011536,0.926631,0.231154
16331,-0.009217,0.925044,0.230056
16347,-0.009949,0.92773,0.231765
16362,-0.010316,0.926753,0.230544
16378,-0.009949,0.925533,0.230422
16394,-0.011781,0.927364,0.230666
16409,-0.010193,0.926021,0.230178
16425,-0.01056,0.926998,0.232009
16440,-0.014466,0.927974,0.229323
16456,-0.008362,0.927608,0.229689
16472,-0.009705,0.926875,0.229201
16488,-0.009705,0.92773,0.228102
16503,-0.010438,0.926875,0.230788
16519,-0.010804,0.926509,0.229811
16534,-0.010316,0.926875,0.231154
16550,-0.011414,0.928462,0.230422
16566,-0.009217,0.927364,0.231887
16581,-0.013123,0.927242,0.229811
16597,-0.009339,0.926875,0.2303
16613,-0.011292,0.925533,0.230544
16628,-0.009705,0.927486,0.229323
16644,-0.01056,0.926753,0.22798
16659,-0.010682,0.92834,0.229079
16675,-0.012025,0.926021,0.2303
16690,-0.010926,0.926875,0.231032
16706,-0.009461,0.926631,0.229323
16722,-0.008973,0.926143,0.231887
16737,-0.011536,0.927852,0.229811
16753,-0.01056,0.927364,0.2303
16769,-0.009461,0.926387,0.229567
16784,-0.009583,0.927974,0.232009
16800,-0.009583,0.927974,0.228224
16816,-0.011048,0.927486,0.229934
16831,-0.010316,0.926387,0.230422
16847,-0.01056,0.925411,0.230422
16862,-0.009705,0.92712,0.2303
16878,-0.009949,0.927364,0.231887
16894,-0.012391,0.926265,0.230666
16909,-0.012147,0.925533,0.229079
16925,-0.012757,0.926753,0.230666
16941,-0.010682,0.926875,0.228713
16956,-0.00763,0.925899,0.231398
16972,-0.009461,0.926265,0.230544
16988,-0.011292,0.92712,0.230178
17004,-0.009705,0.928584,0.233107
17019,-0.010071,0.924922,0.229079
17035,-0.009461,0.926998,0.230788
17050,-0.010071,0.929195,0.231276
17066,-0.011414,0.925655,0.230544
17082,-0.009827,0.928829,0.228835
17097,-0.009339,0.926998,0.231887
17113,-0.010071,0.927242,0.229445
17129,-0.011781,0.92712,0.23091
17144,-0.011414,0.928707,0.232619
17160,-0.012025,0.926998,0.230178
17175,-0.009827,0.925655,0.228713
17193,-0.011903,0.927242,0.229811
17209,-0.010193,0.925899,0.230056
17224,-0.009705,0.925899,0.230788
17239,-0.010193,0.927486,0.230178
17260,-0.008118,0.927364,0.229811
17276,-0.010438,0.927608,0.2303
17292,-0.01117,0.926265,0.231032
17307,-0.009705,0.925288,0.229445
17323,-0.009095,0.925411,0.231032
17338,-0.011536,0.926875,0.230422
17354,-0.011903,0.92712,0.231276
17370,-0.010926,0.925899,0.230056
17385,-0.009827,0.925655,0.231521
17401,-0.012879,0.92712,0.229934
17417,-0.008118,0.924434,0.232131
17432,-0.011536,0.926021,0.229323
17448,-0.009583,0.927364,0.231521
17463,-0.010682,0.929317,0.230666
17479,-0.009583,0.926509,0.229934
17495,-0.008484,0.925777,0.2303
17510,-0.010316,0.927486,0.229201
17527,-0.011414,0.927242,0.229323
17543,-0.011292,0.926509,0.229567
17558,-0.009461,0.927364,0.230666
17588,-0.010438,0.926998,0.230422
17603,-0.009217,0.92834,0.230178
17619,-0.007996,0.927608,0.230056
17634,-0.011658,0.926265,0.231521
17650,-0.009461,0.925899,0.229811
17666,-0.011781,0.927486,0.231887
17681,-0.011292,0.925288,0.229567
17697,-0.007996,0.926509,0.230056
17712,-0.007752,0.926631,0.230666
17728,-0.012147,0.92834,0.231154
17744,-0.010926,0.925288,0.228469
17759,-0.010193,0.926509,0.229201
17775,-0.011781,0.927852,0.231032
17791,-0.011781,0.924922,0.228469
17806,-0.009705,0.924678,0.231032
17822,-0.011048,0.929073,0.232619
17837,-0.011781,0.925411,0.231643
17853,-0.010926,0.926387,0.232985
17869,-0.009339,0.927242,0.231154
17884,-0.01117,0.926875,0.228957
17900,-0.01056,0.926265,0.23091
17916,-0.010438,0.926143,0.229567
17931,-0.011658,0.929317,0.23091
17947,-0.01117,0.927974,0.229567
17963,-0.009339,0.926998,0.231521
17978,-0.010804,0.927242,0.2303
17994,-0.010682,0.92773,0.229567
18010,-0.010682,0.926265,0.231154
18025,-0.011536,0.927608,0.230544
18043,-0.012391,0.927364,0.229689
18058,-0.009827,0.927852,0.23323
18074,-0.011781,0.926509,0.229323
18089,-0.011292,0.928218,0.230666
18105,-0.012391,0.928951,0.231154
18121,-0.010193,0.926875,0.231765
18136,-0.010438,0.925655,0.229445
18155,-0.009095,0.928096,0.23091
18177,-0.01056,0.926509,0.231276
18192,-0.010316,0.928707,0.231032
18208,-0.01117,0.926387,0.228224
18224,-0.010193,0.928462,0.231398
18239,-0.01117,0.928584,0.228102
18255,-0.009339,0.925044,0.232375
18271,-0.011048,0.927974,0.23091
18286,-0.011292,0.92773,0.228713
18302,-0.010682,0.92712,0.229445
18318,-0.010438,0.927364,0.229689
18333,-0.010804,0.927486,0.231154
18349,-0.007752,0.925899,0.229079
18364,-0.009705,0.928707,0.231765
18380,-0.008973,0.926143,0.230056
18396,-0.013123,0.925288,0.231643
18411,-0.010804,0.925899,0.231032
18427,-0.011903,0.92834,0.230788
18442,-0.010804,0.925655,0.229445
18458,-0.010926,0.926143,0.232009
18474,-0.01117,0.928096,0.230788
18490,-0.010804,0.927852,0.230178
18505,-0.010071,0.925533,0.229934
18521,-0.009705,0.928462,0.230056
18536,-0.010804,0.926265,0.230788
18553,-0.010804,0.926265,0.231154
18567,-0.012635,0.92712,0.228835
18583,-0.009217,0.92773,0.231521
18599,-0.012025,0.926509,0.2303
18614,-0.011048,0.927242,0.229811
18630,-0.009827,0.927364,0.231643
18646,-0.011903,0.926753,0.231398
18661,-0.010804,0.925288,0.229323
18677,-0.010316,0.927486,0.230544
18692,-0.012269,0.92834,0.229201
18708,-0.010071,0.925533,0.230666
18723,-0.009705,0.926509,0.228713
18739,-0.011292,0.925899,0.230178
18755,-0.01117,0.92712,0.230422
18770,-0.009705,0.92773,0.230056
18786,-0.009095,0.927486,0.230422
18802,-0.009217,0.925044,0.230178
18817,-0.01056,0.926387,0.231154
18833,-0.011536,0.926509,0.229445
18849,-0.010193,0.926875,0.232009
18864,-0.010804,0.926509,0.230666
18880,-0.01117,0.926387,0.231032
18896,-0.010316,0.925655,0.231032
18911,-0.011414,0.926875,0.230788
18927,-0.010804,0.928218,0.23384
18942,-0.012391,0.927242,0.229567
18958,-0.010316,0.926509,0.231276
18973,-0.011048,0.928462,0.232375
18989,-0.010316,0.926875,0.229445
19005,-0.011781,0.926387,0.230666
19020,-0.011536,0.92773,0.231032
19036,-0.01056,0.92773,0.230056
19052,-0.011048,0.926021,0.229934
19067,-0.011414,0.928218,0.230788
19083,-0.011781,0.929073,0.231398
19099,-0.008484,0.925777,0.231398
19114,-0.009705,0.92712,0.229323
19130,-0.011048,0.929927,0.229567
19146,-0.010926,0.92712,0.23091
19161,-0.008118,0.926387,0.231398
19177,-0.011781,0.927486,0.231398
19192,-0.010804,0.924922,0.229811
19208,-0.010804,0.925166,0.228957
19223,-0.01056,0.92712,0.231765
19239,-0.008362,0.927852,0.229934
19255,-0.010682,0.926875,0.229934
19270,-0.010682,0.92773,0.230422
19286,-0.010316,0.927974,0.230422
19302,-0.009949,0.926265,0.230788
19317,-0.010316,0.926631,0.231765
19333,-0.009827,0.926875,0.230422
19349,-0.009339,0.925044,0.230666
19364,-0.009949,0.925044,0.231032
19380,-0.010193,0.926753,0.230544
19395,-0.010804,0.927486,0.231643
19411,-0.009339,0.926631,0.230666
19426,-0.011781,0.927242,0.231765
19442,-0.012147,0.929195,0.230422
19458,-0.009461,0.929439,0.230178
19474,-0.009461,0.926753,0.229934
19489,-0.009949,0.92773,0.230544
19505,-0.011048,0.926387,0.231887
19520,-0.010193,0.927486,0.232741
19536,-0.012147,0.926387,0.2303
19552,-0.01117,0.926387,0.23091
19567,-0.010071,0.927974,0.229445
19583,-0.010071,0.926998,0.230788
19598,-0.009827,0.928218,0.231032
19614,-0.010682,0.926021,0.231643
19630,-0.009705,0.926998,0.230666
19645,-0.010926,0.926753,0.232375
19661,-0.01056,0.927852,0.230422
19676,-0.010193,0.928096,0.230178
19692,-0.011292,0.92834,0.231398
19708,-0.011903,0.927852,0.2303
19723,-0.010316,0.927852,0.229934
19739,-0.011048,0.925899,0.229934
19755,-0.010926,0.926631,0.230788
19770,-0.011292,0.927974,0.2303
19786,-0.009949,0.925044,0.230422
19802,-0.010438,0.926998,0.231154
19817,-0.010682,0.926631,0.229567
19833,-0.009461,0.926509,0.230666
19848,-0.010071,0.926753,0.231276
19864,-0.009705,0.928096,0.232863
19880,-0.012025,0.928218,0.231521
19895,-0.009339,0.928707,0.231765
19911,-0.010926,0.925411,0.231276
19926,-0.009339,0.928462,0.230544
19942,-0.010926,0.926753,0.231276
19958,-0.010071,0.926998,0.230178
19973,-0.010804,0.929073,0.231276
19989,-0.01056,0.925533,0.2303
20005,-0.011903,0.926509,0.232863
20020,-0.011781,0.927608,0.231765
20036,-0.009705,0.927974,0.230422
20051,-0.010193,0.926509,0.231643
20067,-0.010071,0.928829,0.230178
20083,-0.011048,0.927486,0.231398
20098,-0.010804,0.926509,0.229811
20114,-0.010071,0.926021,0.229445
20130,-0.009583,0.926875,0.231521
20145,-0.009217,0.926387,0.2303
20161,-0.010071,0.925411,0.232375
20177,-0.01117,0.926631,0.231032
20192,-0.010682,0.928096,0.228835
20208,-0.009095,0.926631,0.227126
20223,-0.011781,0.92712,0.230056
20239,-0.011658,0.928462,0.230544
20255,-0.009949,0.927852,0.230666
20270,-0.01117,0.92773,0.23091
20286,-0.012757,0.92773,0.229079
20301,-0.010926,0.926631,0.229445
20317,-0.009095,0.926753,0.2303
20333,-0.009095,0.927486,0.232009
20348,-0.010926,0.927364,0.230422
20364,-0.010316,0.926021,0.229323
20380,-0.009705,0.92834,0.230788
20395,-0.010926,0.926387,0.230544
20411,-0.011048,0.922359,0.229445
20426,-0.010804,0.930171,0.233352
20442,-0.010316,0.927486,0.228957
20458,-0.009461,0.92773,0.229811
20473,-0.009827,0.927852,0.230178
20489,-0.010071,0.922847,0.229323
20504,-0.012269,0.928707,0.232131
20520,-0.010316,0.926143,0.231643
20536,-0.012513,0.926875,0.228835
20551,-0.008606,0.927486,0.231765
20567,-0.010926,0.928096,0.232253
20583,-0.011903,0.927364,0.231276
20598,-0.011658,0.926387,0.231765
20614,-0.011658,0.926875,0.231643
20630,-0.011414,0.926143,0.231398
20645,-0.009827,0.928707,0.230666
20661,-0.010193,0.927364,0.230788
20676,-0.010682,0.92834,0.231887
20692,-0.009461,0.926875,0.230056
20708,-0.009705,0.926631,0.229934
20723,-0.010682,0.928707,0.230056
20739,-0.011048,0.926509,0.232619
20754,-0.010193,0.925288,0.232009
20770,-0.009705,0.926998,0.231276
20786,-0.009705,0.924922,0.231154
20801,-0.009461,0.925411,0.231765
20817,-0.009827,0.928462,0.231276
20833,-0.010316,0.925166,0.229445
20848,-0.010071,0.926387,0.230422
20864,-0.010071,0.924678,0.229567
20879,-0.010071,0.92712,0.231032
20895,-0.010193,0.92834,0.231521
20911,-0.010438,0.925899,0.230666
20926,-0.010193,0.926631,0.23091
20942,-0.009095,0.926387,0.232619
20958,-0.009339,0.925411,0.230178
20973,-0.007752,0.927608,0.231276
20989,-0.01056,0.92712,0.228224
21004,-0.011048,0.925166,0.228835
21020,-0.014588,0.926021,0.229811
21036,-0.009339,0.927242,0.231887
21051,-0.01056,0.925899,0.2303
