44,-0.024477,-0.072209,1.010377
60,-0.021791,-0.070256,1.010987
75,-0.023256,-0.072331,1.012696
91,-0.022401,-0.074284,1.012452
106,-0.025575,-0.075627,1.013062
122,-0.024232,-0.076604,1.012208
138,-0.025575,-0.077825,1.010865
153,-0.025697,-0.076848,1.0094
169,-0.026064,-0.075749,1.009034
184,-0.025331,-0.07697,1.010743
200,-0.028627,-0.076848,1.010377
216,-0.026796,-0.081487,1.010133
231,-0.029482,-0.080877,1.009034
247,-0.025087,-0.083196,1.011353
263,-0.023866,-0.082708,1.01233
278,-0.022279,-0.083562,1.013551
294,-0.022157,-0.078557,1.011719
310,-0.017396,-0.075993,1.011964
325,-0.017396,-0.077092,1.013062
341,-0.017152,-0.074162,1.010987
356,-0.014832,-0.075261,1.005005
372,-0.0141,-0.072331,0.994995
387,-0.022279,-0.075261,0.996216
403,-0.017152,-0.069035,0.997803
419,-0.023134,-0.074284,0.992309
435,-0.024232,-0.073308,0.99707
450,-0.013734,-0.066105,1.010987
466,-0.02057,-0.083562,1.008667
481,-0.01703,-0.071232,1.009156
497,-0.011414,-0.082097,1.016236
512,-0.008484,-0.076604,1.011597
528,-0.013123,-0.081975,1.007447
544,-0.015443,-0.078191,1.006714
559,-0.023012,-0.084173,0.999512
575,-0.020814,-0.073796,1.001831
591,-0.019105,-0.068669,1.00061
606,-0.008606,-0.063297,0.995117
622,0.008362,-0.068058,0.998901
638,0.017518,-0.064762,1.000732
653,-0.000183,-0.072209,0.999634
669,-0.009949,-0.063175,1.004395
684,-0.010316,-0.064518,1.003174
700,0.002258,-0.065006,0.994995
716,0.0047,-0.061466,0.991943
731,0.003968,-0.063297,0.997436
747,-0.000549,-0.062077,0.994018
762,0.002991,-0.063908,0.993164
778,0.011536,-0.06049,0.992675
794,0.012879,-0.066838,0.995971
809,0.003845,-0.075383,0.99707
825,0.005432,-0.07343,1.000977
840,0.010682,-0.073918,1.001099
856,0.009095,-0.074162,0.994506
872,0.007264,-0.071477,0.995117
888,0.006897,-0.067936,0.99353
903,0.007996,-0.066715,0.995117
919,0.004944,-0.060367,1.004273
934,0.005799,-0.065006,1.001709
950,0.007752,-0.060001,0.996216
965,0.0047,-0.054141,1.001465
981,-0.002991,-0.060612,0.999756
997,-0.008118,-0.062931,0.990234
1012,-0.00177,-0.059025,0.998535
1028,-0.002014,-0.060123,1.004273
1044,-0.002503,-0.065983,1.000366
1059,-0.002258,-0.071599,1.00879
1075,-0.002014,-0.072575,1.006592
1091,-0.00238,-0.078801,1.004029
1106,0.006653,-0.073918,1.003296
1122,0.012269,-0.073552,0.994629
1137,0.013612,-0.070988,0.989257
1153,0.013245,-0.066349,0.985229
1169,0.004578,-0.074651,0.989257
1184,-0.005677,-0.065983,0.992553
1200,-0.008973,-0.064396,0.999023
1216,-0.007752,-0.063175,1.004029
1231,-0.006287,-0.061588,1.011231
1247,-0.003845,-0.060367,1.011719
1262,-0.005432,-0.065983,1.006836
1278,-0.010926,-0.076604,1.0094
1294,-0.007264,-0.080877,1.010987
1309,-0.007508,-0.079412,1.00879
1325,0.001038,-0.084661,1.005005
1340,0.007752,-0.091375,0.997192
1356,0.006775,-0.089422,1.004395
1372,0.00409,-0.091986,0.998779
1387,0.001648,-0.090276,1.000122
1403,-0.002503,-0.090154,1.001831
1419,0.003968,-0.089178,1.006958
1434,0.006287,-0.085515,1.006226
1450,0.002991,-0.084661,1.003174
1465,-0.005555,-0.080999,1.001587
1481,-0.009461,-0.078557,1.004151
1497,-0.000427,-0.07111,1.004883
1512,0.000916,-0.069401,1.000854
1528,0.004212,-0.059025,1.002808
1544,0.002258,-0.059391,0.996094
1559,-0.000671,-0.062199,0.991455
1575,0.002625,-0.057682,0.995117
1590,-0.001038,-0.062565,0.992309
1606,-0.003968,-0.06464,0.995727
1622,0.004212,-0.063541,1.002198
1637,0.006531,-0.066349,0.997558
1653,0.006775,-0.067448,0.99939
1668,0.000183,-0.075017,1.000488
1684,0.000427,-0.076726,1.005982
1700,-0.002503,-0.082952,1.004029
1715,0.005921,-0.089056,1.006836
1731,0.008362,-0.087102,1.005615
1747,0.009705,-0.090399,1.00061
1762,0.011903,-0.088323,0.999634
1778,0.008118,-0.086126,0.994506
1793,0.005066,-0.08283,0.995849
1809,-0.003723,-0.080632,0.999512
1825,-0.000794,-0.071599,0.998291
1840,0.005921,-0.06757,0.998535
1856,-0.000549,-0.06403,0.999634
1872,0.000061,-0.059635,1.004761
1887,-0.002136,-0.061222,1.000854
1903,0.000305,-0.062565,0.994995
1919,-0.005066,-0.06403,0.989868
1934,-0.001282,-0.072941,0.995849
1950,0.005921,-0.083928,1.003418
1965,0.008362,-0.090399,1.009034
1981,0.006531,-0.094671,1.004273
1996,0.009217,-0.09931,1.00586
2012,0.009095,-0.098089,1.002564
2028,0.010804,-0.101996,1.004395
2043,0.006897,-0.103705,1.004395
2059,0.005188,-0.103217,1.005738
2075,0.004578,-0.101019,1.002564
2090,0.010926,-0.09577,1.000488
2106,0.021425,-0.084661,1.000488
2122,0.013856,-0.085271,0.992431
2137,0.012391,-0.069645,0.993042
2153,0.015687,-0.063419,0.9906
2168,0.012513,-0.064396,0.986694
2184,0.006409,-0.056949,0.984618
2200,0.000916,-0.062443,0.982177
2215,0.000427,-0.062687,0.987304
2231,0.005799,-0.064762,0.994262
2247,0.007508,-0.069401,0.995605
2262,-0.002869,-0.078069,1.003296
2278,-0.005066,-0.087225,1.012818
2293,-0.00531,-0.096625,1.018434
2309,-0.003601,-0.100043,1.01941
2324,-0.098944,-0.124092,0.985229
2340,-0.008484,-0.006287,1.065922
2356,-0.049625,-0.050357,1.052005
2372,-0.026064,-0.093817,0.985961
2387,0.009217,-0.107856,0.9624
2403,0.044742,-0.106757,0.975829
2418,0.047671,-0.098212,0.991699
2434,0.040469,-0.096136,0.974242
2450,0.034853,-0.106269,0.97534
2465,0.028749,-0.112739,0.975951
2481,0.023256,-0.116401,0.975462
2496,0.025209,-0.121284,0.984618
2512,0.028505,-0.13105,0.997192
2528,0.045474,-0.124702,1.005005
2543,0.051822,-0.12336,1.009644
2559,0.042056,-0.108222,1.019288
2575,0.028749,-0.097845,1.017701
2590,0.012147,-0.088567,1.010499
2606,0.007386,-0.097723,0.989013
2622,-0.006287,-0.10517,0.963133
2637,-0.009583,-0.148874,0.94067
2653,0.003968,-0.131905,0.972899
2668,0.018251,-0.084417,1.020509
2684,0.010193,-0.099432,1.024904
2700,0.009339,-0.106391,1.020753
2715,0.008362,-0.091864,1.021486
2731,-0.007996,-0.087957,1.018922
2746,-0.010071,-0.098944,1.013917
2762,-0.007142,-0.104804,1.010865
2778,-0.004822,-0.10285,1.008179
2793,0.004212,-0.097357,1.011353
2809,0.007874,-0.097845,1.007447
2824,0.008851,-0.106635,0.996582
2840,0.018861,-0.110419,1.010743
2856,0.028505,-0.128731,1.009034
2871,0.027162,-0.131661,0.996704
2887,0.021058,-0.123482,0.984862
2903,0.031069,-0.10456,0.992065
2918,0.008606,-0.11164,1.001221
2934,-0.001282,-0.111884,0.994506
2950,0.006775,-0.098944,1.001343
2965,0.013734,-0.090276,0.999756
2981,0.027895,-0.092474,1.011109
2996,0.037661,-0.107245,1.003296
3012,0.039248,-0.099066,0.999756
3028,0.030458,-0.093695,0.992797
3043,0.031191,-0.090399,0.989257
3059,0.027406,-0.098456,0.987304
3075,0.025331,-0.104438,0.98181
3090,0.030947,-0.098212,0.99707
3106,0.029848,-0.098456,0.994018
3121,0.027406,-0.103705,0.990234
3137,0.030458,-0.105536,1.00232
3152,0.035097,-0.101508,1.000122
3168,0.032778,-0.094183,1.01941
3184,0.034609,-0.104315,1.005249
3199,0.050479,-0.165476,0.9906
3215,0.028993,-0.133004,1.027223
3231,0.021058,-0.131295,1.012818
3246,0.015687,-0.126411,0.992431
3262,0.015809,-0.125435,1.02234
3278,0.022645,-0.139474,0.98059
3293,0.023378,-0.123115,0.970579
3309,0.02704,-0.135812,0.989135
3324,0.015687,-0.151682,1.010865
3340,0.019593,-0.163157,1.001587
3356,0.053653,-0.174632,0.954587
3371,0.041567,-0.134102,0.962034
3387,0.025697,-0.137765,0.98999
3403,0.016786,-0.125801,1.001099
3418,0.012269,-0.11103,1.015626
3434,0.037295,-0.105902,1.027345
3449,0.089422,-0.153391,0.948483
3465,0.066593,-0.253495,0.9154
3480,0.048038,-0.235183,0.964353
3496,0.044009,-0.204663,0.98999
3512,0.030703,-0.169505,0.992797
3528,0.034243,-0.145944,0.992431
3543,0.028139,-0.129219,0.992309
3559,0.023988,-0.129219,1.004761
3574,0.009949,-0.128609,1.01233
3590,-0.005432,-0.102973,1.007935
3606,-0.010316,-0.066349,1.013551
3621,-0.013245,-0.066593,1.0188
3637,-0.011781,-0.099921,1.018922
3652,0.003357,-0.11396,0.999878
3668,0.009095,-0.107734,0.988281
3684,0.013612,-0.106879,0.987548
3699,0.00531,-0.112251,0.983275
3715,0.006287,-0.111274,0.987304
3731,0.002258,-0.117012,0.99353
3746,0.003235,-0.120674,0.989013
3762,0.00531,-0.123726,0.998901
3777,0.00238,-0.13984,0.998169
3793,0.004334,-0.14631,0.989013
3808,0.002503,-0.146921,0.986327
3824,0.008851,-0.150461,0.979491
3840,0.021181,-0.154734,0.978514
3856,0.029726,-0.160837,0.9906
3871,0.026308,-0.168406,1.004883
3887,0.025087,-0.179149,1.020875
3902,0.023256,-0.181957,1.030397
3918,0.01703,-0.181957,1.015016
3934,0.025819,-0.177562,0.997558
3949,0.034853,-0.167063,0.990234
3965,0.030336,-0.168528,0.984496
3980,0.030092,-0.166941,0.980712
3996,0.026308,-0.176341,0.992187
4012,0.025819,-0.183178,0.997558
4027,0.017762,-0.180492,1.001221
4043,0.019716,-0.176585,0.994629
4059,0.023378,-0.175243,0.988281
4074,0.018861,-0.174388,0.979857
4090,0.015199,-0.172313,0.980223
4106,0.013978,-0.169871,0.979369
4121,0.011536,-0.169139,0.980468
4137,0.010438,-0.171092,0.981688
4152,0.018006,-0.17158,0.985961
4168,0.008973,-0.175487,0.994629
4183,0.008484,-0.181469,0.993774
4199,-0.001282,-0.182811,0.9906
4215,-0.001526,-0.18745,0.982787
4230,0.009339,-0.184398,0.976805
4246,0.003845,-0.182934,0.97241
4262,0.006287,-0.188427,0.964842
4277,0.006897,-0.194165,0.964597
4293,0.010316,-0.198682,0.964597
4308,0.011048,-0.202466,0.970457
4324,0.002747,-0.206983,0.97766
4340,0.004456,-0.208204,0.982299
4355,0.003357,-0.208814,0.986327
4371,0.002869,-0.208936,0.985106
4387,0.005432,-0.204175,0.984252
4402,0.012391,-0.193798,0.98474
4418,0.019716,-0.191357,0.980468
4434,0.020448,-0.188671,0.989745
4449,0.010926,-0.191357,0.996582
4465,0.010926,-0.188061,0.993896
4480,0.01703,-0.186718,0.9906
4496,0.012513,-0.193554,0.984862
4512,0.005677,-0.198315,0.980101
4527,0.004822,-0.198315,0.975462
4543,0.004944,-0.193432,0.968626
4558,0.006165,-0.18916,0.96887
4574,0.006165,-0.189037,0.96179
4590,0.00531,-0.188549,0.960203
4605,0.009339,-0.191967,0.961668
4621,0.014955,-0.199902,0.973997
4636,0.008729,-0.212721,0.988403
4652,0.01056,-0.223463,1.001465
4668,0.016175,-0.224318,1.017946
4684,0.011658,-0.223585,1.028078
4699,0.007752,-0.213941,1.017213
4715,0.012635,-0.204541,1.00647
4730,0.025453,-0.192089,0.989135
4746,0.028261,-0.18391,0.984252
4762,0.0235,-0.185253,0.971312
4777,0.015809,-0.188305,0.968992
4793,0.01349,-0.195019,0.964231
4808,0.011903,-0.199414,0.958249
4824,0.015077,-0.20625,0.960813
4840,0.007142,-0.210035,0.973387
4855,0.007142,-0.216139,0.974486
4871,0.002991,-0.215162,0.981933
4887,0.002991,-0.211866,0.98706
4902,0.006531,-0.211622,0.989013
4918,0.007874,-0.208936,0.985473
4933,0.014222,-0.203565,0.98706
4949,0.015077,-0.203198,0.986816
4964,0.016297,-0.200146,0.988647
4979,0.018495,-0.197583,0.992065
4999,0.020082,-0.197339,0.98999
5015,0.014955,-0.199902,0.984984
5030,0.01349,-0.202954,0.9812
5046,0.012391,-0.209424,0.979857
5062,0.019105,-0.214552,0.976195
5077,0.020936,-0.21443,0.969481
5093,0.01703,-0.213209,0.980712
5108,0.010438,-0.217848,0.988891
5124,0.005677,-0.221632,0.983764
5140,0.009339,-0.219923,0.976683
5155,0.009583,-0.213331,0.966673
5171,0.012147,-0.210035,0.957273
5187,0.012391,-0.201489,0.961423
5202,0.01349,-0.199292,0.969725
5218,0.009583,-0.201245,0.988158
5234,0.006043,-0.211744,0.988525
5249,0.007142,-0.216383,0.98181
5265,0.017152,-0.211378,0.985229
5280,0.018495,-0.207593,0.996582
5296,0.016786,-0.205884,1.002442
5312,0.011658,-0.202954,1.005615
5327,0.018006,-0.198193,1.007935
5343,0.015931,-0.193554,1.005738
5359,0.012147,-0.197583,1.000488
5374,0.014588,-0.202466,0.995117
5390,0.010438,-0.208448,0.995727
5405,0.001892,-0.213087,0.99414
5421,-0.00409,-0.216749,0.979003
5437,0.001526,-0.217726,0.970091
5452,0.001038,-0.224196,0.969114
5468,-0.011536,-0.226882,0.972288
5483,-0.012147,-0.2303,0.964231
5499,-0.004334,-0.223952,0.958494
5515,-0.003357,-0.222975,0.948849
5530,-0.0047,-0.220167,0.944455
5546,0.000793,-0.220289,0.939694
5561,0.002258,-0.217237,0.94714
5577,0.001282,-0.219069,0.961179
5593,0.092718,-0.046451,1.003418
5608,-0.020204,-0.329549,1.011109
5624,-0.067082,-0.339315,1.01648
5640,-0.023744,-0.28438,1.005005
5655,-0.00409,-0.247391,0.992431
5671,-0.002503,-0.222853,0.971922
5687,0.001282,-0.213697,0.968016
5702,0.000916,-0.210035,0.97119
5718,-0.010682,-0.210157,0.965208
5733,-0.006897,-0.211988,0.954953
5749,0.010804,-0.236404,0.939571
5764,-0.002258,-0.226271,0.966429
5780,-0.00531,-0.184398,0.974608
5796,-0.019227,-0.195141,0.979491
5811,-0.021547,-0.2021,0.974486
5827,-0.011903,-0.218702,0.98999
5843,-0.003235,-0.243728,0.990966
5858,-0.005066,-0.244827,0.986327
5874,-0.006653,-0.237869,0.97473
5890,-0.016786,-0.230056,0.973265
5905,-0.010682,-0.25032,0.954343
5921,-0.005066,-0.236159,0.956418
5936,-0.000427,-0.22151,0.972166
5952,-0.011292,-0.208692,0.990112
5968,-0.01117,-0.205762,0.979491
5983,-0.012513,-0.224196,0.968504
5999,-0.005432,-0.232009,0.980345
6015,-0.008851,-0.231276,1.003052
6030,-0.008484,-0.233108,1.000366
6046,-0.011658,-0.232009,0.994384
6061,-0.007142,-0.23445,0.999878
6077,-0.016053,-0.23091,0.995727
6092,-0.014344,-0.218092,0.982909
6108,-0.019593,-0.206983,0.963499
6124,-0.015077,-0.205518,0.943722
6140,-0.00409,-0.220778,0.938473
6155,-0.001404,-0.231032,0.94592
6171,0.005799,-0.232863,0.97412
6186,0.002991,-0.23091,0.979857
6202,0.010193,-0.238723,0.994384
6218,-0.008973,-0.248489,1.022584
6233,-0.017274,-0.242996,1.000488
6249,-0.014832,-0.22151,0.969725
6264,-0.012147,-0.214918,0.944699
6280,-0.015809,-0.228835,0.941769
6296,-0.016175,-0.238845,0.953488
6311,-0.009705,-0.244583,0.966551
6327,-0.007752,-0.251663,0.988281
6343,-0.012879,-0.251297,1.00061
6358,-0.021181,-0.237991,0.997803
6374,-0.026674,-0.21443,0.987304
6390,-0.023012,-0.204175,0.982177
6405,-0.027284,-0.203931,0.977904
6421,-0.02289,-0.207227,0.964475
6436,-0.015199,-0.211988,0.950436
6452,-0.000061,-0.222731,0.946042
6468,-0.006287,-0.235549,0.980468
6483,-0.016053,-0.247146,0.996216
6499,-0.020448,-0.236404,0.997436
6515,-0.025087,-0.223219,0.990844
6530,-0.023866,-0.219679,0.974364
6546,-0.02411,-0.214185,0.955197
6561,-0.012513,-0.213453,0.955075
6577,-0.011292,-0.206617,0.963743
6592,-0.009583,-0.208692,0.974242
6608,-0.01996,-0.21565,0.985106
6624,-0.02704,-0.226515,0.985961
6640,-0.030947,-0.22737,0.985839
6655,-0.022035,-0.226027,0.987548
6671,-0.015199,-0.218092,0.982055
6686,-0.007752,-0.215772,0.974974
6702,-0.016786,-0.218702,0.975096
6718,-0.020326,-0.219801,0.983031
6733,-0.025819,-0.215406,0.980101
6749,-0.02289,-0.218458,0.982421
6764,-0.019593,-0.22383,0.98352
6780,-0.008973,-0.226759,0.979369
6796,0.000671,-0.222975,0.988525
6811,0.000305,-0.223219,0.984984
6827,-0.003968,-0.232863,0.975951
6843,-0.006409,-0.232741,0.97119
6858,-0.007752,-0.226149,0.962522
6874,-0.003357,-0.229079,0.967039
6889,-0.000916,-0.235183,0.97473
6905,-0.00409,-0.229445,0.976561
6920,0.003235,-0.22798,0.981078
6936,-0.002258,-0.228591,0.98352
6952,-0.012391,-0.233474,0.980956
6968,-0.014222,-0.2303,0.976927
6983,-0.013245,-0.22798,0.98059
6999,-0.017518,-0.223463,0.982543
7014,-0.015199,-0.218214,0.978148
7030,-0.018373,-0.213209,0.980345
7046,-0.020814,-0.215284,0.976439
7061,-0.018617,-0.217726,0.970335
7077,-0.015809,-0.21858,0.976683
7092,-0.008118,-0.23152,0.98181
7108,-0.005188,-0.230788,0.975584
7124,-0.001038,-0.232009,0.972899
7139,-0.003113,-0.239089,0.973875
7155,-0.002503,-0.241653,0.97534
7171,-0.003845,-0.234328,0.97241
7186,-0.000427,-0.220411,0.969236
7202,0.0047,-0.221876,0.96179
7217,0.005066,-0.229567,0.965818
7233,0.000793,-0.235793,0.973021
7248,-0.001526,-0.236159,0.977904
7264,-0.002869,-0.23445,0.979857
7280,-0.001526,-0.235305,0.981078
7296,-0.00824,-0.241653,0.974364
7311,-0.010316,-0.249222,0.969236
7327,-0.009827,-0.232619,0.961545
7342,-0.008362,-0.22505,0.975584
7358,-0.015687,-0.225905,0.986938
7374,-0.0141,-0.227858,0.982909
7389,-0.017152,-0.227492,0.978392
7405,-0.010193,-0.223219,0.983642
7420,-0.005432,-0.223097,0.978881
7436,0.004334,-0.233962,0.978148
7452,0.003845,-0.24092,0.973753
7467,-0.000549,-0.243606,0.973997
7483,-0.002625,-0.236404,0.969358
7499,-0.00238,-0.226882,0.968382
7514,0.004456,-0.226882,0.973875
7530,0.007874,-0.227004,0.974608
7545,0.012025,-0.227492,0.978392
7561,0.012025,-0.228469,0.985595
7577,0.007874,-0.237991,0.984862
7592,0.001282,-0.243972,0.974242
7608,-0.002869,-0.237869,0.965574
7624,-0.003601,-0.229079,0.969603
7639,-0.0047,-0.226759,0.975584
7655,-0.000671,-0.230788,0.973875
7670,-0.00116,-0.233108,0.980101
7686,-0.006165,-0.237258,0.979857
7702,-0.004334,-0.235061,0.981322
7717,-0.003845,-0.236648,0.980712
7733,-0.002625,-0.236892,0.97473
7748,-0.010071,-0.233962,0.97119
7764,-0.002747,-0.232131,0.967894
7780,-0.007019,-0.2303,0.975829
7795,0.001648,-0.219679,0.972288
7811,0.006775,-0.2115,0.974364
7827,0.003845,-0.216993,0.966307
7842,-0.000794,-0.224928,0.965208
7858,-0.008484,-0.226515,0.971922
7874,-0.006775,-0.221998,0.981078
7889,-0.009461,-0.235427,0.978636
7905,-0.007019,-0.245437,0.976195
7920,0.00238,-0.24031,0.973387
7936,0.015809,-0.240432,0.976317
7952,0.01996,-0.238479,0.961545
7967,0.021669,-0.250565,0.968504
7983,0.018617,-0.251785,0.9718
7999,0.011414,-0.244217,0.9812
8014,0.003479,-0.238479,0.983153
8030,-0.005799,-0.227004,0.98767
8045,-0.006287,-0.229445,0.984618
8061,0.000549,-0.234694,0.975096
8076,0.003968,-0.243362,0.970823
8092,0.007386,-0.23677,0.976317
8108,0.014466,-0.23152,0.972777
8124,0.015321,-0.234084,0.970335
8139,0.011781,-0.241653,0.977416
8155,0.014222,-0.245682,0.980468
8170,0.011781,-0.24092,0.983153
8186,0.011536,-0.237502,0.969725
8201,0.012513,-0.241043,0.966795
8217,0.011658,-0.247513,0.966062
8233,0.008729,-0.246658,0.97119
8248,0.000305,-0.239089,0.981566
8264,0.00177,-0.236404,0.972533
8280,-0.001404,-0.240066,0.961668
8295,-0.002991,-0.234817,0.9718
8311,-0.000794,-0.228346,0.975951
8327,0.004334,-0.228102,0.975584
8342,0.009217,-0.238723,0.980834
8358,0.012269,-0.244461,0.97473
8373,0.016908,-0.241897,0.973143
8389,0.012879,-0.238235,0.971068
8404,0.009217,-0.231643,0.977293
8420,0.009217,-0.239822,0.9812
8436,-0.000794,-0.248856,0.980468
8452,-0.002014,-0.252396,0.979125
8467,-0.000671,-0.250198,0.974486
8483,0.00116,-0.245315,0.972777
8498,-0.000305,-0.243118,0.969847
8514,0.001282,-0.251053,0.969114
8530,0.009705,-0.245804,0.971922
8545,0.012757,-0.245559,0.973753
8561,0.0141,-0.241043,0.973753
8576,0.018861,-0.234206,0.979735
8592,0.015443,-0.223463,0.979491
8608,0.019349,-0.232253,0.974852
8623,0.027284,-0.243606,0.969481
8639,0.021669,-0.250443,0.979003
8655,0.016053,-0.248856,0.985473
8670,0.01056,-0.250565,0.983642
8686,0.010926,-0.257279,0.973387
8701,0.019227,-0.253739,0.958005
8717,0.019227,-0.26143,0.956296
8733,0.023256,-0.264604,0.957761
8748,0.025209,-0.270463,0.975462
8764,0.033999,-0.27437,0.966795
8779,0.044009,-0.28145,0.954709
8795,0.035952,-0.279253,0.961423
8811,0.041812,-0.262406,0.964964
8826,0.036806,-0.258988,0.964109
8842,0.027651,-0.262406,0.961179
8858,0.030336,-0.264359,0.95947
8873,0.020082,-0.263871,0.960203
8889,0.010804,-0.263871,0.958616
8904,0.001526,-0.26204,0.965208
8920,0.003845,-0.262406,0.962278
8936,0.003113,-0.260331,0.968626
8951,0.002991,-0.24971,0.977538
8967,-0.002503,-0.250076,0.985473
8983,0.00238,-0.261918,0.97473
8998,0.006531,-0.263871,0.970579
9014,0.005921,-0.262162,0.977049
9030,0.010682,-0.24385,0.972044
9045,0.022768,-0.235793,0.9718
9061,0.025697,-0.24678,0.968992
9076,0.025941,-0.255692,0.963499
9092,0.023988,-0.264726,0.970701
9108,0.018739,-0.259598,0.982177
9136,0.018251,-0.257035,0.976195
9159,0.023866,-0.266557,0.961423
9174,0.026308,-0.270463,0.96472
9190,0.024599,-0.268632,0.969358
9205,0.015199,-0.26143,0.96533
9221,0.010193,-0.257645,0.970091
9237,-0.000794,-0.250687,0.980101
9252,-0.010804,-0.245682,0.994506
9268,-0.019471,-0.248367,1.00647
9284,-0.016908,-0.253739,1
9299,-0.009095,-0.271074,0.984496
9315,0.002991,-0.267778,0.966917
9331,0.030336,-0.24971,0.946652
9347,0.040469,-0.252396,0.935421
9365,0.033266,-0.269853,0.936397
9381,0.029848,-0.282305,0.946774
9396,0.024232,-0.287554,0.95361
9412,0.029116,-0.292926,0.958372
9428,0.027406,-0.287432,0.964842
9444,0.025087,-0.281084,0.960081
9459,0.022401,-0.277056,0.957517
9475,0.013123,-0.288897,0.957639
9490,0.006897,-0.291827,0.960813
9506,0.006653,-0.275224,0.960935
9522,0.00238,-0.263749,0.954465
9537,0.005066,-0.257157,0.957761
9553,0.002991,-0.270463,0.967527
9568,-0.002014,-0.279741,0.971068
9584,0.00238,-0.270219,0.967527
9600,-0.002014,-0.267411,0.965086
9615,-0.002991,-0.259476,0.970091
9631,-0.003235,-0.261307,0.976561
9647,0.000671,-0.259476,0.969114
9662,0.008851,-0.257401,0.95947
9678,0.009339,-0.254715,0.970579
9694,0.012879,-0.270097,0.97827
9709,0.009339,-0.272783,0.974242
9725,0.013612,-0.270707,0.963377
9740,0.015931,-0.263139,0.962766
9756,0.015931,-0.260697,0.972166
9771,0.01471,-0.264848,0.966917
9787,0.020326,-0.260941,0.950803
9803,0.023134,-0.256791,0.953488
9819,0.029116,-0.256913,0.957517
9834,0.029238,-0.256791,0.966551
9850,0.017762,-0.262284,0.981688
9865,0.005799,-0.264604,0.993042
9881,-0.000427,-0.268144,1.002198
9896,-0.017274,-0.268388,0.987426
9912,-0.02643,-0.264604,0.98767
9928,-0.036562,-0.257035,0.975462
9943,-0.036074,-0.245682,0.973509
9959,-0.045962,-0.235061,0.96887
9975,-0.050357,-0.23445,0.966184
9990,-0.050113,-0.243362,0.962156
10006,-0.038638,-0.263261,0.968626
10022,-0.037661,-0.286578,0.97241
10037,-0.026308,-0.29732,0.963255
10053,-0.013245,-0.295733,0.967283
10068,-0.001648,-0.290728,0.970579
10084,-0.004334,-0.266679,0.969236
10100,0.000427,-0.237258,0.973753
10115,0.002869,-0.207715,0.974852
10131,-0.007752,-0.210157,0.960447
10147,-0.007874,-0.220778,0.951779
10162,-0.003235,-0.219923,0.967405
10178,-0.000549,-0.225295,0.966795
10193,-0.008729,-0.254837,0.962888
10209,-0.005921,-0.264604,0.964231
10225,-0.000671,-0.260087,0.982299
10240,0.003479,-0.276567,0.985229
10256,0.001038,-0.29439,0.972533
10272,-0.005066,-0.294513,0.958127
10287,-0.009339,-0.2961,0.951535
10303,-0.021425,-0.296588,0.950192
10318,-0.025209,-0.287066,0.957517
10334,-0.030336,-0.277666,0.962156
10350,-0.031801,-0.272172,0.971434
10365,-0.049747,-0.268632,0.980956
10381,-0.064884,-0.267533,0.982665
10396,-0.055118,-0.253617,0.955075
10412,-0.031069,-0.203076,0.823231
10428,-0.053775,-0.227004,0.833974
10443,-0.050113,-0.262528,0.867912
10459,-0.053897,-0.28792,0.911616
10475,-0.040713,-0.292315,0.939205
10490,-0.013612,-0.285479,0.988036
10506,0.009705,-0.285723,1.038943
10521,0.009217,-0.293292,1.064335
10537,0.01471,-0.294879,1.068852
10552,0.022645,-0.286333,1.062382
10568,0.023378,-0.29439,1.020875
10584,-0.009949,-0.230056,1.040408
10600,0.016908,-0.245071,0.998901
10615,0.006287,-0.234084,0.9812
10631,-0.001526,-0.227858,0.968382
10646,0.002503,-0.229079,0.949704
10662,0.005799,-0.223952,0.947018
10678,0.000183,-0.244827,0.933834
10693,0.001648,-0.246536,0.94653
10709,0.00409,-0.259354,0.958005
10724,0.001404,-0.264359,0.960203
10740,0.002014,-0.272905,0.964964
10756,-0.003723,-0.284746,0.974608
10771,-0.002869,-0.300983,0.97241
10787,0.006165,-0.313557,0.965208
10803,0.021547,-0.31844,0.957639
10818,0.022401,-0.319905,0.958616
10834,0.031313,-0.32491,0.953244
10849,0.022279,-0.3243,0.950925
10865,0.021669,-0.33199,0.954831
10881,0.012025,-0.34078,0.962522
10896,-0.001648,-0.34664,0.959104
10912,-0.012025,-0.337362,0.955808
10928,-0.014955,-0.325154,0.960447
10943,-0.023012,-0.311359,0.956662
10959,-0.030214,-0.296588,0.942013
10974,-0.027651,-0.279619,0.925777
10990,-0.023134,-0.272905,0.918452
11006,-0.021058,-0.277544,0.915522
11021,-0.02936,-0.293292,0.915278
11037,-0.046206,-0.301715,0.909418
11052,-0.03351,-0.305622,0.904779
11068,-0.020326,-0.302692,0.918452
11084,-0.009705,-0.307087,0.943356
11099,-0.018983,-0.318928,0.96887
11115,-0.015687,-0.330281,0.987304
11131,-0.011048,-0.334554,0.998047
11146,-0.004578,-0.333455,1.002686
11162,-0.001526,-0.328816,0.997558
11178,-0.000549,-0.323445,0.989868
11193,0.00116,-0.319416,0.978148
11209,-0.005066,-0.318928,0.954221
11224,-0.004212,-0.312092,0.92773
11240,0.0047,-0.305744,0.904413
11255,0.017274,-0.303913,0.884637
11271,0.016786,-0.312946,0.872917
11287,0.010926,-0.330526,0.880974
11302,0.009949,-0.344076,0.903437
11318,0.008362,-0.359824,0.942868
11334,0.005188,-0.368736,0.957639
11349,0.006409,-0.365196,0.964597
11365,0.018495,-0.35897,0.970823
11380,0.014344,-0.352255,0.977782
11396,0.0047,-0.34725,0.97534
11412,0.00177,-0.335409,0.964109
11428,0.006165,-0.30965,0.95947
11443,0.016664,-0.289385,0.951535
11459,0.021058,-0.280107,0.944699
11474,0.021058,-0.278398,0.944088
11490,0.017396,-0.284746,0.949216
11506,0.020448,-0.301227,0.959348
11521,0.009217,-0.316487,0.973387
11537,-0.000794,-0.329671,0.979125
11552,-0.002991,-0.333455,0.990844
11568,-0.000061,-0.337484,0.989135
11584,-0.001648,-0.333944,0.981078
11599,0.003357,-0.330526,0.970945
11615,0.003723,-0.327229,0.968138
11631,-0.001404,-0.326985,0.964964
11646,-0.008484,-0.327962,0.95532
11662,-0.009339,-0.327474,0.936031
11677,-0.005066,-0.327107,0.933468
11693,-0.018617,-0.332723,0.944943
11708,-0.031923,-0.345785,0.963377
11724,-0.054996,-0.34957,0.972533
11740,-0.046328,-0.333211,0.983275
11755,-0.043154,-0.319416,0.986205
11771,-0.037295,-0.309406,0.964964
11787,-0.03583,-0.303791,0.93652
11802,-0.022523,-0.29317,0.932369
11818,-0.021913,-0.278032,0.929805
11833,-0.021303,-0.2773,0.910151
11849,-0.030214,-0.272539,0.892816
11865,-0.022157,-0.262894,0.919185
11880,-0.023622,-0.265946,0.933956
11896,-0.033144,-0.285357,0.938961
11912,-0.033999,-0.305988,0.938839
11927,-0.044131,-0.327474,0.942868
11943,-0.050723,-0.347739,0.93127
11959,-0.057193,-0.353476,0.924922
11974,-0.065495,-0.356772,0.917109
11990,-0.050845,-0.35604,0.903925
12005,-0.060978,-0.351767,0.896844
12021,-0.054874,-0.350546,0.892572
12036,-0.041568,-0.353842,0.88073
12052,-0.040103,-0.351645,0.880242
12068,-0.03351,-0.355429,0.901972
12084,-0.042666,-0.357505,0.933712
12099,-0.045108,-0.345907,0.96472
12115,-0.042788,-0.329061,0.991577
12130,-0.028627,-0.310016,1.006958
12146,-0.019838,-0.296954,1.01233
12162,-0.021425,-0.285845,1.005738
12177,-0.014344,-0.278398,0.990966
12193,-0.00238,-0.265092,0.97412
12208,0.001282,-0.266435,0.968504
12224,-0.005921,-0.292559,0.975096
12240,-0.022035,-0.326741,0.97827
12255,-0.03351,-0.346151,0.973143
12271,-0.036684,-0.34957,0.971922
12287,-0.037417,-0.343832,0.952756
12302,-0.031313,-0.336019,0.939816
12318,-0.040347,-0.331502,0.934811
12334,-0.04169,-0.328572,0.930049
12349,-0.04291,-0.324666,0.926387
12365,-0.046451,-0.31551,0.929561
12380,-0.048038,-0.308429,0.922114
12396,-0.043277,-0.296954,0.920161
12412,-0.042056,-0.285601,0.921016
12427,-0.02997,-0.280352,0.930782
12443,-0.033999,-0.285113,0.946652
12458,-0.038516,-0.290118,0.952512
12474,-0.028017,-0.29671,0.972655
12490,-0.029482,-0.306232,0.988891
12505,-0.03058,-0.317463,0.984374
12521,-0.017274,-0.319905,0.985717
12536,-0.010804,-0.322468,0.985351
12552,-0.001892,-0.326375,0.98181
12568,-0.00409,-0.332479,0.979491
12583,-0.005799,-0.335287,0.970335
12599,-0.014466,-0.336263,0.967894
12615,-0.030458,-0.339559,0.955075
12630,-0.026552,-0.333822,0.947018
12646,-0.027773,-0.321736,0.929805
12662,-0.024965,-0.303424,0.906488
12677,-0.022523,-0.295489,0.89599
12693,-0.03058,-0.292193,0.896234
12708,-0.037417,-0.29317,0.897088
12724,-0.038882,-0.29732,0.915156
12740,-0.032167,-0.308307,0.933101
12755,-0.038393,-0.320027,0.957517
12771,-0.040591,-0.331014,0.968992
12787,-0.036684,-0.331868,0.984618
12802,-0.036684,-0.3243,0.986449
12818,-0.031435,-0.312214,0.985351
12833,-0.026552,-0.302814,0.984862
12849,-0.025209,-0.304401,0.979247
12864,-0.028749,-0.307087,0.967649
12880,-0.032534,-0.301959,0.959348
12896,-0.032656,-0.290728,0.941525
12912,-0.025575,-0.277178,0.932125
12927,-0.020814,-0.272294,0.929683
12943,-0.023866,-0.2773,0.922969
12958,-0.031557,-0.286333,0.924434
12974,-0.019716,-0.292804,0.937618
12990,-0.018617,-0.306232,0.956296
13005,-0.030092,-0.324666,0.971556
13021,-0.036684,-0.328939,0.988158
13036,-0.036196,-0.324178,0.993164
13052,-0.031801,-0.308674,0.985961
13068,-0.030703,-0.295367,0.97534
13083,-0.028993,-0.284502,0.959714
13099,-0.026552,-0.276933,0.954709
13115,-0.02997,-0.2773,0.954587
13130,-0.028749,-0.279375,0.954221
13146,-0.040347,-0.280718,0.957761
13161,-0.040713,-0.283892,0.949826
13177,-0.030703,-0.28084,0.939205
13193,-0.02704,-0.284624,0.939205
13208,-0.025209,-0.290118,0.931514
13224,-0.023866,-0.299396,0.927242
13240,-0.018129,-0.306842,0.937008
13255,-0.020936,-0.319539,0.966062
13271,-0.022401,-0.330281,0.972899
13286,-0.021058,-0.332113,0.974486
13302,-0.018373,-0.327596,0.974608
13318,-0.020814,-0.315632,0.969969
13333,-0.018006,-0.304157,0.959836
13349,-0.012269,-0.295367,0.965452
13364,-0.025575,-0.287188,0.962522
13380,-0.022279,-0.279863,0.945797
13396,-0.018495,-0.273149,0.938717
13411,-0.016419,-0.271684,0.935787
13427,-0.027651,-0.275713,0.941525
13443,-0.022157,-0.283648,0.945431
13458,-0.024477,-0.288775,0.957151
13474,-0.026918,-0.297442,0.971556
13489,-0.032656,-0.302814,0.974974
13505,-0.026064,-0.302203,0.978026
13521,-0.02643,-0.300006,0.982055
13536,-0.02289,-0.295611,0.970945
13552,-0.022401,-0.288897,0.958005
13568,-0.021181,-0.281084,0.943356
13583,-0.007508,-0.280474,0.94067
13599,-0.008606,-0.286578,0.950314
13614,-0.012147,-0.303424,0.950803
13630,-0.015443,-0.314167,0.960569
13646,-0.020204,-0.319661,0.974242
13661,-0.017884,-0.325276,0.969114
13677,-0.01117,-0.314655,0.962156
13692,-0.006531,-0.303302,0.956662
13708,-0.000916,-0.298785,0.960691
13724,-0.002869,-0.298175,0.954953
13739,-0.008729,-0.299152,0.944455
13755,-0.009827,-0.300983,0.953122
13770,-0.014955,-0.306354,0.950436
13786,-0.019838,-0.310261,0.948605
13802,-0.018983,-0.309162,0.952268
13818,-0.022157,-0.303791,0.956784
13833,-0.021791,-0.301349,0.954831
13849,-0.01764,-0.30025,0.949704
13864,-0.020936,-0.300128,0.951535
13880,-0.021547,-0.303058,0.950192
13896,-0.013856,-0.3055,0.953366
13911,-0.010682,-0.309406,0.956662
13927,-0.014955,-0.315632,0.965818
13943,-0.020814,-0.320759,0.968748
13958,-0.021425,-0.317707,0.966795
13974,-0.016175,-0.307331,0.952878
13989,-0.002503,-0.298663,0.933956
14005,-0.004212,-0.295001,0.939938
14020,-0.009095,-0.3055,0.939816
14036,-0.006409,-0.312336,0.94006
14052,-0.011536,-0.322713,0.955808
14067,-0.0141,-0.333211,0.950925
14083,-0.0141,-0.335287,0.957761
14099,-0.012757,-0.331136,0.956052
14114,-0.002014,-0.328572,0.948239
14130,-0.002991,-0.323811,0.938473
14146,-0.004456,-0.32137,0.935177
14161,-0.005921,-0.322713,0.948361
14177,-0.012147,-0.32784,0.960813
14192,-0.017884,-0.327474,0.961057
14208,-0.019105,-0.316609,0.960325
14224,-0.011414,-0.305988,0.951779
14239,-0.009095,-0.300372,0.942379
14255,-0.007874,-0.304035,0.939449
14271,-0.008484,-0.305378,0.944699
14286,-0.010438,-0.310993,0.953488
14302,-0.015687,-0.320515,0.95239
14317,-0.011658,-0.322346,0.947384
14333,-0.010682,-0.323811,0.945431
14349,-0.010438,-0.322102,0.942257
14364,-0.008118,-0.319539,0.940304
14380,-0.006653,-0.316853,0.950925
14395,-0.008729,-0.317219,0.957517
14411,-0.01117,-0.32137,0.960325
14427,-0.01056,-0.32491,0.95947
14442,-0.007142,-0.3243,0.961912
14458,-0.008973,-0.320637,0.955686
14474,-0.007142,-0.318196,0.947751
14489,-0.003479,-0.314411,0.947507
14505,-0.007264,-0.316609,0.948605
14520,-0.012513,-0.320515,0.947384
14536,-0.012269,-0.322468,0.944455
14552,-0.000305,-0.315754,0.942868
14567,-0.004212,-0.3149,0.941891
14583,0.001892,-0.316487,0.938229
14599,-0.003968,-0.316365,0.942013
14614,0.000183,-0.318562,0.935909
14630,0.006165,-0.319172,0.949704
14645,0.005432,-0.328816,0.963377
14661,-0.003723,-0.335287,0.965696
14677,-0.005555,-0.337606,0.966795
14692,-0.001282,-0.327474,0.965696
14708,-0.00531,-0.326863,0.958738
14723,-0.003479,-0.323689,0.948361
14739,0.011414,-0.322468,0.94421
14755,0.015565,-0.323201,0.948117
14770,0.020448,-0.328572,0.948849
14786,0.014955,-0.333211,0.952145
14802,0.025087,-0.338583,0.946286
14817,0.046451,-0.34078,0.953244
14833,0.047549,-0.346518,0.95007
14848,0.053775,-0.347494,0.944577
14864,0.063297,-0.342977,0.946164
14880,0.064762,-0.34017,0.949704
14895,0.069035,-0.34078,0.950192
14911,0.062443,-0.338827,0.958005
14927,0.059879,-0.335409,0.964231
14942,0.068547,-0.336019,0.95947
14958,0.090643,-0.312336,0.95947
14974,0.103217,-0.295611,0.970701
14989,0.084417,-0.29024,0.983764
15005,0.031069,-0.300861,0.987792
15020,-0.021547,-0.305866,0.988281
15036,-0.062321,-0.292315,0.981444
15052,-0.083562,-0.257035,0.988525
15067,-0.109199,-0.223463,0.972777
15083,-0.144723,-0.186474,0.937984
15098,-0.132882,-0.157663,0.944332
15114,-0.134957,-0.165599,0.984008
15130,-0.144235,-0.220778,0.971678
15145,-0.151315,-0.279375,0.961423
15161,-0.139596,-0.339071,0.948483
15177,-0.108466,-0.379967,0.931514
15192,-0.081731,-0.399011,0.916987
15208,-0.048526,-0.412806,0.930294
15223,-0.039858,-0.42538,0.929683
15239,-0.02997,-0.420741,0.93066
15255,-0.017274,-0.403406,0.936031
15270,-0.010193,-0.385583,0.939449
15286,-0.011781,-0.366783,0.942623
15302,-0.028017,-0.369346,0.93066
15317,-0.023988,-0.373253,0.913691
15333,-0.028749,-0.376305,0.903559
15348,-0.024599,-0.38424,0.894281
15364,-0.027162,-0.39364,0.885491
15380,-0.026186,-0.401819,0.886346
15395,-0.037905,-0.41012,0.894647
15411,-0.050113,-0.420741,0.896966
15427,-0.053531,-0.414393,0.891107
15442,-0.035342,-0.386193,0.898187
15458,-0.022035,-0.368614,0.900629
15473,-0.021425,-0.362022,0.915034
15489,-0.040103,-0.368858,0.92834
15504,-0.050601,-0.372154,0.93652
15520,-0.056461,-0.37252,0.942868
15536,-0.05878,-0.370201,0.932613
15551,-0.055484,-0.362632,0.93713
15567,-0.060367,-0.354453,0.936275
15583,-0.059391,-0.348105,0.921138
15598,-0.06403,-0.34664,0.915156
15614,-0.066715,-0.34957,0.915278
15630,-0.062809,-0.357749,0.911616
15645,-0.053775,-0.357261,0.911982
15661,-0.049503,-0.355674,0.914546
15676,-0.040591,-0.351889,0.925044
15692,-0.037051,-0.352011,0.942013
15708,-0.04291,-0.351035,0.962278
15723,-0.0423,-0.342733,0.970335
15739,-0.04584,-0.339559,0.962644
15755,-0.035952,-0.336019,0.954831
15770,-0.043521,-0.337606,0.948972
15786,-0.04584,-0.341635,0.945065
15801,-0.03876,-0.342977,0.941891
15817,-0.02997,-0.345907,0.936886
15833,-0.032534,-0.347128,0.933956
15848,-0.033632,-0.35311,0.92834
15864,-0.038882,-0.367149,0.933101
15880,-0.040835,-0.378502,0.928462
15895,-0.034609,-0.373009,0.922359
15911,-0.023744,-0.369346,0.927486
15926,-0.023134,-0.368248,0.932735
15942,-0.028627,-0.373741,0.930416
15958,-0.031313,-0.375694,0.919673
15973,-0.028383,-0.371177,0.909662
15989,-0.024599,-0.359702,0.907343
16004,-0.015077,-0.348227,0.915766
16020,-0.01703,-0.344442,0.927608
16036,-0.023988,-0.353964,0.936886
16057,-0.039858,-0.360313,0.951047
16072,-0.049747,-0.358237,0.957395
16088,-0.050967,-0.34371,0.944943
16104,-0.045596,-0.322957,0.944332
16120,-0.034853,-0.307941,0.954343
16135,-0.034731,-0.310993,0.953
16151,-0.035586,-0.317463,0.942257
16166,-0.032167,-0.321248,0.945675
16182,-0.02057,-0.325765,0.948239
16198,-0.022767,-0.332479,0.948361
16213,-0.02057,-0.338338,0.943722
16229,-0.015931,-0.336629,0.947018
16244,-0.011048,-0.34139,0.949216
16260,-0.013123,-0.346884,0.954343
16276,-0.016908,-0.349081,0.954953
16291,-0.017396,-0.345663,0.950803
16307,-0.010804,-0.339315,0.948239
16323,-0.012879,-0.335287,0.948117
16338,-0.016297,-0.331868,0.941281
16354,-0.019349,-0.336874,0.927242
16369,-0.017518,-0.339193,0.931148
16385,-0.017518,-0.347983,0.946408
16400,-0.017396,-0.359336,0.948239
16416,-0.019593,-0.361533,0.94592
16432,-0.018251,-0.359946,0.937008
16448,-0.011658,-0.354697,0.936642
16463,-0.003968,-0.34725,0.93127
16479,0.007142,-0.337362,0.926509
16494,0.012879,-0.332845,0.92187
16510,0.012269,-0.332479,0.91772
16525,0.014222,-0.336019,0.924678
16541,0.017884,-0.344931,0.942746
16557,0.018129,-0.355063,0.951169
16572,0.02289,-0.363853,0.952634
16588,0.02289,-0.363853,0.943966
16604,0.026186,-0.361411,0.940426
16619,0.028627,-0.35897,0.938595
16635,0.01764,-0.356284,0.940426
16651,0.011414,-0.354819,0.946286
16666,0.004212,-0.352133,0.953366
16682,0.006653,-0.341757,0.947507
16697,0.009217,-0.338583,0.94421
16713,-0.000305,-0.338094,0.942746
16729,-0.007142,-0.339803,0.94946
16744,-0.004334,-0.337606,0.944332
16760,-0.002014,-0.33077,0.94653
16776,0.005066,-0.327107,0.939083
16791,0.000061,-0.329549,0.938229
16807,0.004578,-0.328939,0.9436
16822,0.009949,-0.333578,0.949826
16838,0.012025,-0.336385,0.948239
16854,0.010193,-0.34017,0.953977
16869,0.008729,-0.338827,0.9624
16885,0.008973,-0.341268,0.954953
16900,0.010316,-0.342245,0.951291
16916,0.012757,-0.344809,0.948972
16932,0.010682,-0.347616,0.938595
16947,0.012635,-0.346396,0.930294
16963,0.018983,-0.34371,0.929805
16979,0.01117,-0.348593,0.929317
16994,0.006531,-0.352133,0.927364
17010,0.002503,-0.351035,0.931514
17025,0.001526,-0.347739,0.934444
17041,0.00702,-0.342001,0.936642
17057,-0.001038,-0.339193,0.949704
17072,-0.002869,-0.337484,0.947751
17088,-0.006409,-0.336019,0.944088
17104,-0.00409,-0.327474,0.947018
17119,-0.005677,-0.322835,0.947873
17135,0.000183,-0.316731,0.945431
17150,-0.000671,-0.316731,0.9436
17166,0.000061,-0.317952,0.945187
17182,-0.004212,-0.327718,0.956052
17197,-0.00824,-0.337362,0.958249
17213,-0.006897,-0.33785,0.953855
17228,-0.005188,-0.336263,0.95007
17244,-0.00531,-0.34078,0.948361
17260,0.000061,-0.341024,0.938839
17275,0.007874,-0.340414,0.932491
17291,0.011781,-0.33724,0.933346
17307,0.015931,-0.341268,0.936153
17322,0.013734,-0.343344,0.930904
17338,0.020692,-0.34432,0.931636
17354,0.023744,-0.348227,0.9436
17369,0.025087,-0.357749,0.944088
17385,0.018129,-0.363487,0.947629
17400,0.020936,-0.364097,0.942135
17416,0.024843,-0.358481,0.942623
17432,0.022768,-0.360068,0.944455
17447,0.017274,-0.362754,0.938839
17463,0.021181,-0.360313,0.939327
17479,0.024599,-0.354819,0.938595
17494,0.024232,-0.352377,0.935299
17510,0.01703,-0.357261,0.927364
17525,0.012757,-0.358359,0.925166
17541,0.0141,-0.358115,0.925411
17556,0.014466,-0.360557,0.927852
17572,0.011903,-0.362388,0.935177
17588,0.010438,-0.363853,0.937618
17604,0.017152,-0.354087,0.930538
17619,0.021547,-0.349326,0.92712
17635,0.024354,-0.34432,0.932247
17650,0.024721,-0.343466,0.93774
17666,0.023988,-0.344564,0.949704
17682,0.020692,-0.354941,0.956907
17697,0.009217,-0.363364,0.957273
17713,0.005432,-0.365318,0.952756
17728,0.003479,-0.360679,0.943478
17744,-0.002014,-0.355674,0.930294
17760,0.003601,-0.343832,0.91772
17775,0.010804,-0.336629,0.914301
17791,0.010071,-0.339681,0.917598
17807,0.013978,-0.345541,0.916133
17822,0.016297,-0.352377,0.915522
17838,0.015931,-0.35897,0.920405
17853,0.018129,-0.361655,0.939327
17869,0.01349,-0.364463,0.959104
17884,0.013368,-0.363731,0.965452
17900,0.016053,-0.351157,0.967405
17916,0.025575,-0.342855,0.954343
17932,0.026552,-0.334798,0.947873
17947,0.030581,-0.332357,0.941281
17963,0.031801,-0.336263,0.941769
17978,0.028627,-0.337728,0.942379
17994,0.0235,-0.348593,0.936764
18010,0.024721,-0.355429,0.937008
18025,0.02936,-0.363487,0.932125
18041,0.031801,-0.366294,0.934078
18056,0.029604,-0.366661,0.939449
18072,0.024354,-0.362388,0.940792
18088,0.026796,-0.354575,0.931636
18103,0.026674,-0.3525,0.928707
18119,0.015443,-0.348959,0.938351
18135,0.008729,-0.349326,0.940792
18150,0.006531,-0.344931,0.94714
18166,0.002747,-0.343344,0.945431
18182,-0.002747,-0.338705,0.95239
18197,-0.009827,-0.335409,0.945553
18213,-0.003113,-0.327352,0.944088
18228,0.000061,-0.323445,0.944821
18244,0.002258,-0.32784,0.936642
18260,0.00824,-0.33138,0.930904
18275,0.014344,-0.33492,0.930294
18291,0.018739,-0.34139,0.930416
18306,0.016175,-0.351523,0.934078
18322,0.011781,-0.360435,0.939327
18337,0.014955,-0.363731,0.947018
18353,0.009827,-0.363364,0.943966
18369,0.01349,-0.356406,0.940182
18384,0.014222,-0.349814,0.933834
18400,0.019105,-0.340292,0.925166
18416,0.022279,-0.329915,0.9248
18431,0.023378,-0.329793,0.931759
18447,0.028505,-0.332357,0.930294
18463,0.031557,-0.341635,0.938107
18478,0.022768,-0.35079,0.951901
18494,0.01349,-0.36959,0.963133
18510,0.012635,-0.372887,0.96594
18525,0.015077,-0.367637,0.968504
18541,0.022401,-0.353476,0.950559
18556,0.027529,-0.341635,0.937374
18572,0.026308,-0.333578,0.924312
18588,0.020936,-0.329671,0.934322
18603,0.016541,-0.331258,0.939694
18619,0.015443,-0.333578,0.944332
18635,0.012391,-0.332235,0.946042
18650,0.012269,-0.334676,0.936642
18666,0.014588,-0.335042,0.93652
18681,0.020326,-0.335164,0.947018
18697,0.018739,-0.343832,0.952512
18712,0.013001,-0.347861,0.95239
18728,0.01117,-0.344687,0.952878
18744,0.016419,-0.339437,0.952878
18760,0.015077,-0.338583,0.945797
18775,0.016664,-0.340414,0.933834
18791,0.016908,-0.340658,0.934933
18806,0.019349,-0.342611,0.939694
18822,0.015565,-0.348959,0.936642
18838,0.009095,-0.353476,0.936275
18853,-0.002503,-0.357139,0.944943
18869,-0.009339,-0.354697,0.94421
18884,-0.009339,-0.351157,0.932613
18900,-0.010193,-0.350913,0.921138
18916,-0.007996,-0.352255,0.90954
18931,0.003357,-0.3525,0.898675
18947,0.024965,-0.349326,0.891717
18963,0.035464,-0.35018,0.905023
18978,0.037661,-0.361289,0.919795
18994,0.038393,-0.373619,0.93774
19009,0.037539,-0.377648,0.953855
19025,0.038882,-0.379845,0.967039
19040,0.035464,-0.380455,0.970701
19056,0.03644,-0.371544,0.963865
19072,0.040591,-0.345907,0.957639
19088,0.042666,-0.32552,0.947018
19103,0.038638,-0.315022,0.937374
19119,0.025087,-0.313557,0.929683
19134,0.017762,-0.316487,0.932003
19150,0.012025,-0.315388,0.935787
19166,0.009461,-0.322835,0.9436
19181,0.003968,-0.326009,0.954343
19197,0.00116,-0.330159,0.96301
19212,-0.002991,-0.327107,0.968138
19228,-0.001404,-0.328694,0.965452
19244,0.000061,-0.324666,0.959836
19259,0.005432,-0.318562,0.952145
19275,0.00238,-0.313313,0.940792
19291,0.006775,-0.317707,0.939571
19306,0.006531,-0.324178,0.935787
19322,0.008118,-0.329549,0.936397
19337,0.019716,-0.33199,0.942379
19353,0.025697,-0.34139,0.944699
19369,0.035219,-0.348959,0.943112
19384,0.040103,-0.352011,0.946286
19400,0.042056,-0.359214,0.951657
19416,0.037905,-0.362144,0.955564
19431,0.03876,-0.360068,0.955686
19447,0.025209,-0.350546,0.959958
19462,0.017884,-0.349936,0.958982
19478,0.009461,-0.338461,0.952145
19494,0.009705,-0.318928,0.946408
19509,0.009217,-0.310627,0.946164
19525,0.002747,-0.310505,0.949948
19540,-0.010438,-0.317829,0.95239
19556,-0.013734,-0.319416,0.965696
19572,-0.025209,-0.322346,0.970945
19587,-0.031679,-0.321248,0.969603
19603,-0.038149,-0.316365,0.952878
19619,-0.034487,-0.308918,0.945675
19634,-0.041934,-0.304767,0.938961
19650,-0.026308,-0.294024,0.93359
19666,-0.019716,-0.301471,0.950925
19681,-0.024721,-0.324788,0.955197
19697,-0.040835,-0.348959,0.963621
19712,-0.040225,-0.365196,0.967649
19728,-0.038882,-0.36959,0.97119
19744,-0.037173,-0.363242,0.958372
19759,-0.031801,-0.344076,0.943722
19775,-0.024721,-0.320759,0.941525
19791,-0.015565,-0.313068,0.938717
19806,-0.016908,-0.305622,0.928462
19822,-0.020326,-0.309528,0.925411
19837,-0.021791,-0.313557,0.928584
19853,-0.024843,-0.324666,0.922481
19868,-0.032412,-0.333211,0.928218
19884,-0.034365,-0.344809,0.942257
19900,-0.042056,-0.355429,0.959958
19915,-0.05463,-0.358725,0.974486
19931,-0.055606,-0.361167,0.975096
19946,-0.051212,-0.357261,0.967894
19962,-0.049258,-0.345419,0.960203
19978,-0.048892,-0.344076,0.943722
19994,-0.055851,-0.347494,0.928462
20009,-0.060367,-0.341268,0.921992
20025,-0.065739,-0.330526,0.90954
20040,-0.064518,-0.318684,0.887444
20056,-0.056217,-0.316609,0.899042
20072,-0.074284,-0.334432,0.906366
20087,-0.091619,-0.349081,0.915522
20103,-0.082708,-0.353964,0.942257
20119,-0.078557,-0.354941,0.94299
20134,-0.077092,-0.350668,0.945797
20150,-0.074162,-0.33724,0.95361
20165,-0.076482,-0.332723,0.958494
20181,-0.075871,-0.328206,0.942501
20197,-0.069035,-0.313801,0.921992
20212,-0.058658,-0.301349,0.90661
20228,-0.047061,-0.294635,0.885369
20244,-0.036074,-0.294635,0.866569
20259,-0.021303,-0.297198,0.875847
20275,-0.034121,-0.323079,0.920283
20290,-0.044497,-0.355307,0.959958
20306,-0.080266,-0.407801,1.007203
20322,-0.102362,-0.443936,1.040408
20337,-0.099554,-0.435879,1.038332
20353,-0.078191,-0.395959,1.010987
20368,-0.056217,-0.350302,0.975462
20384,-0.050357,-0.319539,0.939571
20400,-0.056339,-0.311237,0.913691
20415,-0.070012,-0.309772,0.901605
20431,-0.076115,-0.312702,0.888177
20447,-0.066105,-0.315022,0.884148
20462,-0.067448,-0.322957,0.887322
20478,-0.073064,-0.344931,0.907831
20493,-0.073064,-0.376305,0.92773
20509,-0.080999,-0.400842,0.940182
20524,-0.076115,-0.406336,0.941281
20540,-0.076604,-0.394372,0.944943
20556,-0.063664,-0.381554,0.937252
20572,-0.063053,-0.374718,0.931514
20587,-0.066227,-0.369102,0.919307
20603,-0.065373,-0.36019,0.917598
20618,-0.069767,-0.355185,0.918818
20634,-0.0705,-0.34957,0.912348
20650,-0.075139,-0.34371,0.921626
20665,-0.083928,-0.344442,0.926387
20681,-0.093328,-0.349081,0.937496
20696,-0.093328,-0.354087,0.947018
20712,-0.093084,-0.356406,0.936397
20728,-0.087102,-0.350058,0.932369
20743,-0.085027,-0.352377,0.927242
20759,-0.086492,-0.355063,0.915644
20775,-0.08637,-0.352988,0.915766
20790,-0.084661,-0.351767,0.922725
20806,-0.080754,-0.357016,0.922603
20821,-0.075871,-0.361045,0.928584
20837,-0.077458,-0.361777,0.927974
20853,-0.067448,-0.364585,0.925411
20868,-0.067082,-0.368492,0.931026
20884,-0.07111,-0.378136,0.938473
20900,-0.074406,-0.379235,0.939694
20915,-0.070134,-0.371544,0.943356
20931,-0.066349,-0.363853,0.940914
20946,-0.065495,-0.360313,0.935055
20962,-0.070622,-0.358603,0.942257
20978,-0.07111,-0.3619,0.940548
20993,-0.078557,-0.359458,0.937618
21009,-0.082219,-0.361045,0.926509
21024,-0.081853,-0.356528,0.913569
21040,-0.078191,-0.348227,0.91601
21056,-0.076604,-0.350424,0.910639
21071,-0.074773,-0.36251,0.910029
21087,-0.077336,-0.377526,0.932369
21103,-0.08637,-0.385827,0.945309
21118,-0.086736,-0.385216,0.941036
21134,-0.075383,-0.370079,0.932979
21150,-0.07343,-0.35311,0.922969
21165,-0.067448,-0.345297,0.922359
21181,-0.071721,-0.349203,0.918574
21196,-0.079778,-0.353232,0.914912
21212,-0.084905,-0.35311,0.92126
21228,-0.075871,-0.354209,0.925411
21243,-0.072819,-0.357627,0.925044
21259,-0.062565,-0.361045,0.934566
21275,-0.063908,-0.367881,0.942013
21290,-0.070256,-0.375572,0.948483
21306,-0.077214,-0.376915,0.948361
21321,-0.071721,-0.363853,0.940548
21338,-0.066471,-0.348593,0.932857
21354,-0.0611,-0.339193,0.923823
21378,-0.058414,-0.339071,0.929195
21394,-0.07343,-0.357749,0.947018
21409,-0.081365,-0.365196,0.947995
21425,-0.077092,-0.361411,0.942135
21440,-0.067082,-0.353842,0.939938
21456,-0.070622,-0.351279,0.935787
21472,-0.072087,-0.355063,0.93127
21487,-0.076726,-0.36605,0.9248
21503,-0.078313,-0.366294,0.914546
21519,-0.078679,-0.364341,0.91479
21534,-0.07404,-0.351767,0.914912
21550,-0.067326,-0.343344,0.917964
21566,-0.067814,-0.339803,0.932613
21581,-0.070622,-0.344687,0.930294
21597,-0.067936,-0.347861,0.938961
21612,-0.072209,-0.344687,0.944699
21628,-0.065129,-0.339803,0.941281
21644,-0.051334,-0.334554,0.947873
21659,-0.045352,-0.338338,0.955075
21675,-0.042178,-0.34957,0.958372
21691,-0.050845,-0.355796,0.963377
21706,-0.066838,-0.368736,0.958127
21722,-0.06818,-0.363975,0.950314
21737,-0.063541,-0.353232,0.942868
21753,-0.050845,-0.344076,0.934688
21768,-0.040957,-0.339315,0.925533
21784,-0.039614,-0.349203,0.928707
21800,-0.049503,-0.36544,0.925411
21815,-0.049503,-0.364463,0.938839
21831,-0.056827,-0.366661,0.953366
21847,-0.064884,-0.367149,0.953855
21862,-0.074162,-0.370811,0.951291
21878,-0.073308,-0.364707,0.940304
21894,-0.074162,-0.3525,0.922725
21909,-0.06757,-0.339926,0.918452
21925,-0.077336,-0.338216,0.919673
21940,-0.085638,-0.348349,0.913325
21956,-0.079045,-0.355429,0.919429
21972,-0.07697,-0.363731,0.922359
21987,-0.05756,-0.375572,0.927364
22003,-0.0517,-0.388512,0.927364
22019,-0.05109,-0.402551,0.922481
22034,-0.051944,-0.410242,0.924312
22050,-0.044986,-0.409022,0.916621
22065,-0.035219,-0.406824,0.916499
22081,-0.038271,-0.401209,0.920771
22096,-0.054141,-0.394983,0.925044
22112,-0.060001,-0.379479,0.931392
22128,-0.063297,-0.362388,0.928707
22144,-0.056095,-0.335653,0.920405
22159,-0.054508,-0.322468,0.915034
22175,-0.058536,-0.315876,0.921992
22190,-0.066838,-0.321492,0.930171
22206,-0.075627,-0.327718,0.935543
22222,-0.083196,-0.337972,0.943844
22237,-0.085638,-0.354575,0.957395
22253,-0.098456,-0.366783,0.974974
22268,-0.108954,-0.373741,0.976805
22284,-0.101508,-0.364463,0.969847
22300,-0.094915,-0.352011,0.956052
22315,-0.092962,-0.342733,0.93127
22331,-0.085393,-0.329915,0.910273
22347,-0.076726,-0.320881,0.894647
22362,-0.072087,-0.318196,0.882439
22378,-0.072453,-0.335897,0.889886
22393,-0.089056,-0.35665,0.903437
22409,-0.09284,-0.373375,0.91186
22425,-0.094915,-0.377526,0.921504
22440,-0.09931,-0.373375,0.921138
22456,-0.098212,-0.369102,0.916743
22472,-0.104315,-0.359336,0.912348
22487,-0.108832,-0.34957,0.915034
22503,-0.096258,-0.34432,0.907953
22518,-0.08698,-0.337972,0.909785
22534,-0.086126,-0.332601,0.916621
22550,-0.074528,-0.3243,0.937374
22565,-0.05109,-0.32845,0.957395
22581,-0.02057,-0.33724,0.973387
22596,0.010804,-0.340292,0.988769
22612,0.043032,-0.352866,0.996216
22628,0.053043,-0.358725,1.016725
22643,0.045962,-0.384972,1.035158
22659,0.009949,-0.407435,1.038943
22675,-0.014955,-0.416102,1.021241
22690,-0.024843,-0.410486,0.998413
22706,-0.016419,-0.383141,0.955075
22722,-0.020082,-0.357016,0.913203
22737,-0.031923,-0.34139,0.883538
22753,-0.055973,-0.343344,0.861564
22768,-0.075749,-0.346762,0.856803
22784,-0.082586,-0.339193,0.849356
22800,-0.099188,-0.30611,0.848257
22815,-0.083318,-0.247757,0.915278
22831,-0.074773,-0.226759,0.981933
22847,-0.083684,-0.244827,0.999023
22862,-0.108954,-0.287676,1.011842
22878,-0.127388,-0.341757,1.015504
22893,-0.143014,-0.383385,1.001953
22909,-0.140084,-0.402918,0.970823
22924,-0.135689,-0.40597,0.957029
22940,-0.140573,-0.414271,0.945553
22956,-0.136056,-0.41598,0.923213
22971,-0.125557,-0.408533,0.893792
22987,-0.113715,-0.394128,0.87133
23003,-0.119941,-0.384728,0.863151
23018,-0.117012,-0.377037,0.861808
23034,-0.117866,-0.375938,0.863273
23050,-0.114448,-0.37899,0.871086
23065,-0.124458,-0.380944,0.87133
23081,-0.122627,-0.383751,0.882683
23096,-0.125191,-0.384606,0.892938
23112,-0.124336,-0.387658,0.900629
23128,-0.124702,-0.386193,0.909907
23143,-0.134224,-0.380944,0.917231
23159,-0.130196,-0.379112,0.923946
23175,-0.124458,-0.383507,0.923457
23190,-0.124702,-0.38839,0.918696
23206,-0.126656,-0.388268,0.91247
23221,-0.12043,-0.385949,0.910395
23237,-0.116401,-0.389611,0.916133
23252,-0.118354,-0.392297,0.919917
23268,-0.120063,-0.391198,0.912592
23284,-0.1175,-0.377403,0.910761
23299,-0.115547,-0.367149,0.913569
23315,-0.119941,-0.367149,0.913447
23331,-0.112983,-0.368614,0.919673
23346,-0.121162,-0.373741,0.916133
23362,-0.120186,-0.372642,0.913447
23378,-0.128365,-0.379112,0.909907
23393,-0.130806,-0.377526,0.907953
23409,-0.124702,-0.367271,0.907831
23424,-0.11457,-0.360923,0.89721
23440,-0.105414,-0.350058,0.901483
23456,-0.106879,-0.355063,0.91125
23471,-0.105658,-0.365318,0.923823
23487,-0.107001,-0.379967,0.932247
23503,-0.104438,-0.383996,0.940426
23518,-0.100287,-0.390954,0.944332
23534,-0.099799,-0.395837,0.944943
23549,-0.093206,-0.390588,0.942501
23565,-0.096136,-0.386559,0.940914
23580,-0.100287,-0.382897,0.939083
23596,-0.10871,-0.383751,0.926631
23612,-0.109565,-0.371788,0.9154
23628,-0.101264,-0.357139,0.903559
23643,-0.106025,-0.349814,0.893304
23659,-0.108222,-0.345907,0.894037
23674,-0.116889,-0.347128,0.908808
23690,-0.117622,-0.356406,0.926875
23706,-0.126656,-0.359214,0.936275
23721,-0.118721,-0.361655,0.943112
23737,-0.122139,-0.361655,0.938107
23752,-0.126045,-0.363364,0.939083
23768,-0.129219,-0.359824,0.932369
23784,-0.128609,-0.354697,0.926875
23799,-0.1269,-0.354941,0.912836
23815,-0.118843,-0.356406,0.901361
23831,-0.11457,-0.358848,0.903559
23846,-0.107734,-0.372276,0.903192
23862,-0.104926,-0.380455,0.900629
23878,-0.091864,-0.382653,0.906733
23893,-0.088323,-0.389123,0.913813
23909,-0.091009,-0.393029,0.916987
23924,-0.087957,-0.391564,0.922603
23940,-0.07404,-0.386925,0.942013
23956,-0.071599,-0.383263,0.949094
23971,-0.07111,-0.376793,0.954099
23987,-0.076604,-0.370933,0.9436
24002,-0.074773,-0.366294,0.938229
24018,-0.079656,-0.359458,0.933834
24034,-0.079534,-0.352866,0.926875
24049,-0.079656,-0.344687,0.915156
24065,-0.076482,-0.338216,0.912714
24080,-0.078801,-0.332479,0.921138
24096,-0.081609,-0.339315,0.940914
24112,-0.092352,-0.360435,0.94946
24127,-0.103949,-0.376427,0.954831
24143,-0.102484,-0.379845,0.957883
24159,-0.095282,-0.367149,0.94653
24174,-0.08576,-0.360923,0.941281
24190,-0.083074,-0.352011,0.927486
24206,-0.086614,-0.348471,0.925411
24221,-0.088812,-0.347494,0.923823
24237,-0.091986,-0.352133,0.924922
24252,-0.090154,-0.356162,0.92773
24268,-0.090154,-0.360068,0.927852
24284,-0.08576,-0.354453,0.926265
24299,-0.084661,-0.355918,0.922847
24315,-0.086004,-0.357505,0.922847
24330,-0.084051,-0.358481,0.929195
24346,-0.081975,-0.361533,0.939938
24362,-0.082952,-0.364829,0.941403
24377,-0.085882,-0.366172,0.937862
24393,-0.084539,-0.357383,0.938961
24408,-0.086492,-0.355185,0.940548
24424,-0.084295,-0.353842,0.928951
24440,-0.085027,-0.349081,0.92712
24456,-0.0893,-0.353598,0.93127
24471,-0.09516,-0.361289,0.935665
24487,-0.096502,-0.364341,0.935909
24502,-0.097113,-0.362266,0.932857
24518,-0.092596,-0.362388,0.929073
24534,-0.08869,-0.355918,0.919795
24549,-0.092718,-0.353598,0.916255
24565,-0.095892,-0.356772,0.922725
24580,-0.094671,-0.356528,0.917598
24596,-0.094305,-0.351523,0.920894
24612,-0.082219,-0.350302,0.930171
24627,-0.092108,-0.361655,0.939449
24643,-0.093451,-0.368003,0.930294
24659,-0.090887,-0.363609,0.932491
24674,-0.081731,-0.361167,0.938107
24690,-0.086858,-0.370201,0.94299
24705,-0.087102,-0.374962,0.920527
24721,-0.079656,-0.368492,0.926875
24736,-0.086736,-0.365562,0.931636
24752,-0.087591,-0.357627,0.918086
24768,-0.088323,-0.351645,0.918574
24783,-0.087102,-0.346396,0.923091
24799,-0.090521,-0.345053,0.923823
24815,-0.095892,-0.346884,0.924434
24830,-0.097601,-0.351645,0.928096
24846,-0.094671,-0.359946,0.938351
24862,-0.094915,-0.365562,0.942623
24877,-0.094915,-0.373741,0.944577
24893,-0.093206,-0.378136,0.938961
24908,-0.090643,-0.369346,0.941647
24924,-0.06757,-0.3713,0.922481
24940,-0.106513,-0.384972,0.875481
24955,-0.127876,-0.313068,0.939205
24971,-0.060001,-0.367637,0.915156
24987,-0.090154,-0.363731,0.908075
25002,-0.09577,-0.354575,0.929805
25018,-0.087957,-0.367759,0.923091
25033,-0.081975,-0.359946,0.924068
25049,-0.071354,-0.382409,0.931392
25065,-0.094671,-0.381188,0.95361
25080,-0.090643,-0.383874,0.945309
25096,-0.089422,-0.368125,0.940304
25112,-0.07697,-0.357016,0.922725
25127,-0.087225,-0.343344,0.924312
25143,-0.083806,-0.343222,0.915156
25158,-0.094183,-0.336385,0.923335
25174,-0.080022,-0.345297,0.916499
25190,-0.090887,-0.351157,0.930782
25205,-0.086736,-0.367759,0.934078
25221,-0.092596,-0.369957,0.93066
25237,-0.077825,-0.367149,0.932369
25252,-0.084661,-0.371666,0.943234
25268,-0.093328,-0.379601,0.950803
25283,-0.09638,-0.374474,0.95007
25299,-0.094549,-0.361533,0.938107
25315,-0.086858,-0.343344,0.931026
25330,-0.091253,-0.335653,0.929927
25346,-0.093084,-0.33431,0.931392
25362,-0.095526,-0.336141,0.934078
25377,-0.095648,-0.338949,0.92419
25393,-0.092352,-0.342611,0.91894
25408,-0.091009,-0.35018,0.922725
25424,-0.08869,-0.36312,0.928584
25440,-0.091864,-0.37484,0.932003
25455,-0.091131,-0.38485,0.925777
25471,-0.085393,-0.390832,0.929073
25486,-0.083318,-0.391442,0.926875
25502,-0.087102,-0.387414,0.916987
25518,-0.086736,-0.373741,0.906
25533,-0.08283,-0.361533,0.910273
25549,-0.085515,-0.354575,0.912592
25564,-0.084173,-0.353476,0.926875
25580,-0.091741,-0.352988,0.92712
25596,-0.083562,-0.349448,0.935055
25612,-0.088079,-0.3525,0.948239
25627,-0.094549,-0.358481,0.942623
25643,-0.091741,-0.356528,0.944821
25658,-0.09284,-0.352744,0.944943
25674,-0.086614,-0.354331,0.939327
25690,-0.087225,-0.361411,0.930538
25705,-0.084539,-0.360557,0.923335
25721,-0.080022,-0.360801,0.914423
25736,-0.080266,-0.362998,0.912104
25752,-0.082952,-0.364707,0.92419
25768,-0.083562,-0.36837,0.927852
25783,-0.083562,-0.36544,0.932003
25799,-0.080877,-0.368125,0.931148
25815,-0.083562,-0.367515,0.928951
25830,-0.087591,-0.368125,0.935055
25846,-0.083684,-0.362632,0.938595
25861,-0.085393,-0.356162,0.934078
25877,-0.081853,-0.351279,0.925533
25892,-0.082586,-0.349692,0.920161
25908,-0.077947,-0.352011,0.918452
25924,-0.08051,-0.352622,0.931148
25940,-0.085393,-0.361289,0.941403
25955,-0.087835,-0.362266,0.939938
25971,-0.086248,-0.360801,0.943478
25986,-0.083562,-0.362022,0.938107
26002,-0.085515,-0.365318,0.932125
26017,-0.085515,-0.366172,0.923946
26033,-0.084661,-0.363364,0.930294
26049,-0.083806,-0.360313,0.92834
26064,-0.085638,-0.354819,0.923213
26080,-0.081853,-0.34664,0.923213
26096,-0.080388,-0.344564,0.927364
26111,-0.086858,-0.348227,0.939571
26127,-0.089788,-0.356528,0.939816
26143,-0.090643,-0.356406,0.943844
26158,-0.081487,-0.352011,0.942623
26174,-0.079778,-0.356894,0.935543
26189,-0.0799,-0.36544,0.936886
26205,-0.083684,-0.369468,0.934078
26220,-0.084417,-0.368248,0.924068
26236,-0.085271,-0.365318,0.917109
26252,-0.087102,-0.362388,0.917842
26268,-0.087102,-0.361289,0.923579
26283,-0.093695,-0.361655,0.924922
26299,-0.091375,-0.357383,0.920894
26314,-0.087713,-0.354941,0.923091
26330,-0.087957,-0.352011,0.927486
26346,-0.091864,-0.352744,0.930171
26361,-0.0893,-0.353232,0.934322
26377,-0.086492,-0.355307,0.939083
26392,-0.082952,-0.358237,0.942135
26408,-0.081609,-0.363731,0.941525
26424,-0.077092,-0.36312,0.938351
26439,-0.075749,-0.361289,0.936153
26455,-0.078557,-0.3619,0.93127
26471,-0.079167,-0.359092,0.929073
26486,-0.080632,-0.362022,0.930294
26502,-0.086492,-0.361777,0.924678
26517,-0.086858,-0.362632,0.925533
26533,-0.088201,-0.358359,0.91772
26549,-0.085149,-0.355796,0.91894
26564,-0.083684,-0.355918,0.921504
26580,-0.089178,-0.356406,0.926631
26596,-0.086492,-0.357016,0.933101
26611,-0.088567,-0.35665,0.933834
26627,-0.086858,-0.355307,0.939083
26642,-0.087102,-0.35311,0.939083
26658,-0.085515,-0.346762,0.94299
26674,-0.078191,-0.346274,0.939571
26689,-0.076726,-0.352744,0.936886
26705,-0.08344,-0.359092,0.933101
26720,-0.08344,-0.363364,0.930416
26736,-0.08283,-0.365928,0.931636
26752,-0.08283,-0.366661,0.924678
26767,-0.078313,-0.363242,0.919795
26783,-0.075871,-0.361777,0.922969
26799,-0.075749,-0.360068,0.92712
26822,-0.085882,-0.361533,0.929805
26850,-0.087225,-0.359214,0.933712
26865,-0.084417,-0.349081,0.935299
26880,-0.085271,-0.343832,0.930171
26908,-0.083562,-0.343954,0.921626
26923,-0.086004,-0.36019,0.938351
